Workbook

Sheet Subscriptions
A1: CustomerID | B1: Age | C1: Gender | D1: SubscriptionStart | E1: SubscriptionEnd | F1: DurationDays | G1: MonthsPaid | H1: SubType | I1: Tier | J1: Monthly | K1: Discounted | L1: TotalRevenue | M1: AgeGroup | N1: Region | O1: ReferralSource | P1: CancellationReason | Q1: RevenueCategory | R1: AgeBracket | S1: ChurnStatus | T1: LifetimeValue | U1: CancellationDate | V1: NextBillingDate | W1: ContractEndDate | X1: RenewalCount | Y1: EffectiveEndDate | Z1: ActiveFlagToday | AA1: ActiveOn_AsOfDate1 | AB1: ActiveOn_AsOfDate2 | AC1: ActiveOn_AsOfDate3 | AD1: ActiveOn_AsOfDate4 | AE1: ActiveOn_AsOfDate5
A2: CUST0246 | B2: 50 | C2: Male | D2: 44562 | E2: 44742 | F2: =TODAY() - Table1[[#This Row],[SubscriptionStart]] -> 1419 | G2: 6 | H2: 6-Month | I2: Standard | J2: {=_xlfn.IFS(Table1[[#This Row],[Tier]]="Basic",10,Table1[[#This Row],[Tier]]="Standard",18,Table1[[#This Row],[Tier]]="Premium",25)} -> 18 | K2: {=_xlfn.IFS(Table1[[#This Row],[SubType]]="Monthly",IF(Table1[[#This Row],[MonthsPaid]]<=12,Table1[[#This Row],[Monthly]]*0.9,Table1[[#This Row],[Monthly]]),Table1[[#This Row],[SubType]]="6-Month",IF(Table1[[#This Row],[MonthsPaid]]<=12,Table1[[#This Row],[Monthly]]*0.75*0.9,Table1[[#This Row],[Monthly]]*0.75),Table1[[#This Row],[SubType]]="12-Month",IF(Table1[[#This Row],[MonthsPaid]]<=12,Table1[[#This Row],[Monthly]]*(2/3)*0.9,Table1[[#This Row],[Monthly]]*(2/3)))} -> 12.15 | L2: {=ROUND(_xlfn.IFS(Table1[[#This Row],[SubType]]="Monthly",(MAX(MIN(Table1[[#This Row],[MonthsPaid]],12)-1,0)*Table1[[#This Row],[Monthly]]*0.9)+(MAX(Table1[[#This Row],[MonthsPaid]]-12,0)*Table1[[#This Row],[Monthly]]),Table1[[#This Row],[SubType]]="6-Month",(MIN(Table1[[#This Row],[MonthsPaid]],12)*Table1[[#This Row],[Monthly]]*0.75*0.9)+(MAX(Table1[[#This Row],[MonthsPaid]]-12,0)*Table1[[#This Row],[Monthly]]*0.75),Table1[[#This Row],[SubType]]="12-Month",(MIN(Table1[[#This Row],[MonthsPaid]],12)*Table1[[#This Row],[Monthly]]*(2/3)*0.9)+(MAX(Table1[[#This Row],[MonthsPaid]]-12,0)*Table1[[#This Row],[Monthly]]*(2/3))),2)} -> 72.9 | M2: {=_xlfn.IFS(Table1[[#This Row],[Age]]>70,"Elderly",Table1[[#This Row],[Age]]>59,"Senior",Table1[[#This Row],[Age]]>49,"Mature Adult",Table1[[#This Row],[Age]]>25,"Adult",Table1[[#This Row],[Age]]>=18,"Young Adult")} -> Mature Adult | N2: Scotland | O2: None | P2: Poor Experience | Q2: {=_xlfn.IFS(Table1[[#This Row],[TotalRevenue]]<100,"Low",Table1[[#This Row],[TotalRevenue]]<300,"Medium",Table1[[#This Row],[TotalRevenue]]<600,"High",TRUE,"Very High")} -> Low | R2: {=_xlfn.IFS(Table1[[#This Row],[Age]]>69,"Elderly",Table1[[#This Row],[Age]]>59,"Mature Adult",Table1[[#This Row],[Age]]>25,"Adult",Table1[[#This Row],[Age]]>18,"Young Adult",Table1[[#This Row],[Age]]>=12,"Teenager")} -> Adult | S2: =IF(Table1[[#This Row],[NextBillingDate]]="","Cancelled",IF(Table1[[#This Row],[CancellationDate]]<>"","Cancelled","Active")) -> Cancelled | T2: {=IF(Table1[[#This Row],[ChurnStatus]]="Cancelled",Table1[[#This Row],[TotalRevenue]],Table1[[#This Row],[TotalRevenue]] + Table1[[#This Row],[Discounted]] * _xlfn.IFS(Table1[[#This Row],[SubType]]="Monthly",1,Table1[[#This Row],[SubType]]="6-Month",6-MOD(Table1[[#This Row],[MonthsPaid]],6),Table1[[#This Row],[SubType]]="12-Month",12-MOD(Table1[[#This Row],[MonthsPaid]],12)))} -> 72.9 | U2: 44742 | W2: 44742 | X2: 0 | Y2: =IF(Table1[[#This Row],[ChurnStatus]]="Cancelled",Table1[[#This Row],[CancellationDate]],TODAY()) -> 44742 | Z2: =IF(AND(Table1[[#This Row],[SubscriptionStart]] <= TODAY(), Table1[[#This Row],[EffectiveEndDate]] >= TODAY()),1,0) -> 0 | AA2: =IF(AND(Table1[[#This Row],[SubscriptionStart]]<=Settings!$A$2,Table1[[#This Row],[EffectiveEndDate]]>=Settings!$A$2),1,0) -> 1 | AB2: =IF(AND(Table1[[#This Row],[SubscriptionStart]]<=Settings!$B$2,Table1[[#This Row],[EffectiveEndDate]]>=Settings!$B$2),1,0) -> 1 | AC2: =IF(AND(Table1[[#This Row],[SubscriptionStart]]<=Settings!$C$2,Table1[[#This Row],[EffectiveEndDate]]>=Settings!$C$2),1,0) -> 0 | AD2: =IF(AND(Table1[[#This Row],[SubscriptionStart]]<=Settings!$D$2,Table1[[#This Row],[EffectiveEndDate]]>=Settings!$D$2),1,0) -> 0 | AE2: =IF(AND(Table1[[#This Row],[SubscriptionStart]]<=Settings!$E$2,Table1[[#This Row],[EffectiveEndDate]]>=Settings!$E$2),1,0) -> 0
A3: CUST0192 | B3: 19 | C3: Male | D3: 44562 | E3: 44922 | F3: =TODAY() - Table1[[#This Row],[SubscriptionStart]] -> 1419 | G3: 12 | H3: 12-Month | I3: Standard | J3: {=_xlfn.IFS(Table1[[#This Row],[Tier]]="Basic",10,Table1[[#This Row],[Tier]]="Standard",18,Table1[[#This Row],[Tier]]="Premium",25)} -> 18 | K3: {=_xlfn.IFS(Table1[[#This Row],[SubType]]="Monthly",IF(Table1[[#This Row],[MonthsPaid]]<=12,Table1[[#This Row],[Monthly]]*0.9,Table1[[#This Row],[Monthly]]),Table1[[#This Row],[SubType]]="6-Month",IF(Table1[[#This Row],[MonthsPaid]]<=12,Table1[[#This Row],[Monthly]]*0.75*0.9,Table1[[#This Row],[Monthly]]*0.75),Table1[[#This Row],[SubType]]="12-Month",IF(Table1[[#This Row],[MonthsPaid]]<=12,Table1[[#This Row],[Monthly]]*(2/3)*0.9,Table1[[#This Row],[Monthly]]*(2/3)))} -> 10.8 | L3: {=ROUND(_xlfn.IFS(Table1[[#This Row],[SubType]]="Monthly",(MAX(MIN(Table1[[#This Row],[MonthsPaid]],12)-1,0)*Table1[[#This Row],[Monthly]]*0.9)+(MAX(Table1[[#This Row],[MonthsPaid]]-12,0)*Table1[[#This Row],[Monthly]]),Table1[[#This Row],[SubType]]="6-Month",(MIN(Table1[[#This Row],[MonthsPaid]],12)*Table1[[#This Row],[Monthly]]*0.75*0.9)+(MAX(Table1[[#This Row],[MonthsPaid]]-12,0)*Table1[[#This Row],[Monthly]]*0.75),Table1[[#This Row],[SubType]]="12-Month",(MIN(Table1[[#This Row],[MonthsPaid]],12)*Table1[[#This Row],[Monthly]]*(2/3)*0.9)+(MAX(Table1[[#This Row],[MonthsPaid]]-12,0)*Table1[[#This Row],[Monthly]]*(2/3))),2)} -> 129.6 | M3: {=_xlfn.IFS(Table1[[#This Row],[Age]]>70,"Elderly",Table1[[#This Row],[Age]]>59,"Senior",Table1[[#This Row],[Age]]>49,"Mature Adult",Table1[[#This Row],[Age]]>25,"Adult",Table1[[#This Row],[Age]]>=18,"Young Adult")} -> Young Adult | N3: Northern Ireland | O3: Search Engine | P3: Switched Service | Q3: {=_xlfn.IFS(Table1[[#This Row],[TotalRevenue]]<100,"Low",Table1[[#This Row],[TotalRevenue]]<300,"Medium",Table1[[#This Row],[TotalRevenue]]<600,"High",TRUE,"Very High")} -> Medium | R3: {=_xlfn.IFS(Table1[[#This Row],[Age]]>69,"Elderly",Table1[[#This Row],[Age]]>59,"Mature Adult",Table1[[#This Row],[Age]]>25,"Adult",Table1[[#This Row],[Age]]>18,"Young Adult",Table1[[#This Row],[Age]]>=12,"Teenager")} -> Young Adult | S3: =IF(Table1[[#This Row],[NextBillingDate]]="","Cancelled",IF(Table1[[#This Row],[CancellationDate]]<>"","Cancelled","Active")) -> Cancelled | T3: {=IF(Table1[[#This Row],[ChurnStatus]]="Cancelled",Table1[[#This Row],[TotalRevenue]],Table1[[#This Row],[TotalRevenue]] + Table1[[#This Row],[Discounted]] * _xlfn.IFS(Table1[[#This Row],[SubType]]="Monthly",1,Table1[[#This Row],[SubType]]="6-Month",6-MOD(Table1[[#This Row],[MonthsPaid]],6),Table1[[#This Row],[SubType]]="12-Month",12-MOD(Table1[[#This Row],[MonthsPaid]],12)))} -> 129.6 | U3: 44922 | W3: 44922 | X3: 0 | Y3: =IF(Table1[[#This Row],[ChurnStatus]]="Cancelled",Table1[[#This Row],[CancellationDate]],TODAY()) -> 44922 | Z3: =IF(AND(Table1[[#This Row],[SubscriptionStart]] <= TODAY(), Table1[[#This Row],[EffectiveEndDate]] >= TODAY()),1,0) -> 0 | AA3: =IF(AND(Table1[[#This Row],[SubscriptionStart]]<=Settings!$A$2,Table1[[#This Row],[EffectiveEndDate]]>=Settings!$A$2),1,0) -> 1 | AB3: =IF(AND(Table1[[#This Row],[SubscriptionStart]]<=Settings!$B$2,Table1[[#This Row],[EffectiveEndDate]]>=Settings!$B$2),1,0) -> 1 | AC3: =IF(AND(Table1[[#This Row],[SubscriptionStart]]<=Settings!$C$2,Table1[[#This Row],[EffectiveEndDate]]>=Settings!$C$2),1,0) -> 0 | AD3: =IF(AND(Table1[[#This Row],[SubscriptionStart]]<=Settings!$D$2,Table1[[#This Row],[EffectiveEndDate]]>=Settings!$D$2),1,0) -> 0 | AE3: =IF(AND(Table1[[#This Row],[SubscriptionStart]]<=Settings!$E$2,Table1[[#This Row],[EffectiveEndDate]]>=Settings!$E$2),1,0) -> 0
A4: CUST0146 | B4: 43 | C4: Female | D4: 44562 | F4: =TODAY() - Table1[[#This Row],[SubscriptionStart]] -> 1419 | G4: 48 | H4: 6-Month | I4: Standard | J4: {=_xlfn.IFS(Table1[[#This Row],[Tier]]="Basic",10,Table1[[#This Row],[Tier]]="Standard",18,Table1[[#This Row],[Tier]]="Premium",25)} -> 18 | K4: {=_xlfn.IFS(Table1[[#This Row],[SubType]]="Monthly",IF(Table1[[#This Row],[MonthsPaid]]<=12,Table1[[#This Row],[Monthly]]*0.9,Table1[[#This Row],[Monthly]]),Table1[[#This Row],[SubType]]="6-Month",IF(Table1[[#This Row],[MonthsPaid]]<=12,Table1[[#This Row],[Monthly]]*0.75*0.9,Table1[[#This Row],[Monthly]]*0.75),Table1[[#This Row],[SubType]]="12-Month",IF(Table1[[#This Row],[MonthsPaid]]<=12,Table1[[#This Row],[Monthly]]*(2/3)*0.9,Table1[[#This Row],[Monthly]]*(2/3)))} -> 13.5 | L4: {=ROUND(_xlfn.IFS(Table1[[#This Row],[SubType]]="Monthly",(MAX(MIN(Table1[[#This Row],[MonthsPaid]],12)-1,0)*Table1[[#This Row],[Monthly]]*0.9)+(MAX(Table1[[#This Row],[MonthsPaid]]-12,0)*Table1[[#This Row],[Monthly]]),Table1[[#This Row],[SubType]]="6-Month",(MIN(Table1[[#This Row],[MonthsPaid]],12)*Table1[[#This Row],[Monthly]]*0.75*0.9)+(MAX(Table1[[#This Row],[MonthsPaid]]-12,0)*Table1[[#This Row],[Monthly]]*0.75),Table1[[#This Row],[SubType]]="12-Month",(MIN(Table1[[#This Row],[MonthsPaid]],12)*Table1[[#This Row],[Monthly]]*(2/3)*0.9)+(MAX(Table1[[#This Row],[MonthsPaid]]-12,0)*Table1[[#This Row],[Monthly]]*(2/3))),2)} -> 631.8 | M4: {=_xlfn.IFS(Table1[[#This Row],[Age]]>70,"Elderly",Table1[[#This Row],[Age]]>59,"Senior",Table1[[#This Row],[Age]]>49,"Mature Adult",Table1[[#This Row],[Age]]>25,"Adult",Table1[[#This Row],[Age]]>=18,"Young Adult")} -> Adult | N4: England | O4: Friend | Q4: {=_xlfn.IFS(Table1[[#This Row],[TotalRevenue]]<100,"Low",Table1[[#This Row],[TotalRevenue]]<300,"Medium",Table1[[#This Row],[TotalRevenue]]<600,"High",TRUE,"Very High")} -> Very High | R4: {=_xlfn.IFS(Table1[[#This Row],[Age]]>69,"Elderly",Table1[[#This Row],[Age]]>59,"Mature Adult",Table1[[#This Row],[Age]]>25,"Adult",Table1[[#This Row],[Age]]>18,"Young Adult",Table1[[#This Row],[Age]]>=12,"Teenager")} -> Adult | S4: =IF(Table1[[#This Row],[NextBillingDate]]="","Cancelled",IF(Table1[[#This Row],[CancellationDate]]<>"","Cancelled","Active")) -> Active | T4: {=IF(Table1[[#This Row],[ChurnStatus]]="Cancelled",Table1[[#This Row],[TotalRevenue]],Table1[[#This Row],[TotalRevenue]] + Table1[[#This Row],[Discounted]] * _xlfn.IFS(Table1[[#This Row],[SubType]]="Monthly",1,Table1[[#This Row],[SubType]]="6-Month",6-MOD(Table1[[#This Row],[MonthsPaid]],6),Table1[[#This Row],[SubType]]="12-Month",12-MOD(Table1[[#This Row],[MonthsPaid]],12)))} -> 712.8 | V4: 46002 | W4: 46002 | X4: 7 | Y4: =IF(Table1[[#This Row],[ChurnStatus]]="Cancelled",Table1[[#This Row],[CancellationDate]],TODAY()) -> 45981 | Z4: =IF(AND(Table1[[#This Row],[SubscriptionStart]] <= TODAY(), Table1[[#This Row],[EffectiveEndDate]] >= TODAY()),1,0) -> 1 | AA4: =IF(AND(Table1[[#This Row],[SubscriptionStart]]<=Settings!$A$2,Table1[[#This Row],[EffectiveEndDate]]>=Settings!$A$2),1,0) -> 1 | AB4: =IF(AND(Table1[[#This Row],[SubscriptionStart]]<=Settings!$B$2,Table1[[#This Row],[EffectiveEndDate]]>=Settings!$B$2),1,0) -> 1 | AC4: =IF(AND(Table1[[#This Row],[SubscriptionStart]]<=Settings!$C$2,Table1[[#This Row],[EffectiveEndDate]]>=Settings!$C$2),1,0) -> 1 | AD4: =IF(AND(Table1[[#This Row],[SubscriptionStart]]<=Settings!$D$2,Table1[[#This Row],[EffectiveEndDate]]>=Settings!$D$2),1,0) -> 1 | AE4: =IF(AND(Table1[[#This Row],[SubscriptionStart]]<=Settings!$E$2,Table1[[#This Row],[EffectiveEndDate]]>=Settings!$E$2),1,0) -> 1
A5: CUST0561 | B5: 30 | C5: Female | D5: 44563 | E5: 44923 | F5: =TODAY() - Table1[[#This Row],[SubscriptionStart]] -> 1418 | G5: 12 | H5: 12-Month | I5: Premium | J5: {=_xlfn.IFS(Table1[[#This Row],[Tier]]="Basic",10,Table1[[#This Row],[Tier]]="Standard",18,Table1[[#This Row],[Tier]]="Premium",25)} -> 25 | K5: {=_xlfn.IFS(Table1[[#This Row],[SubType]]="Monthly",IF(Table1[[#This Row],[MonthsPaid]]<=12,Table1[[#This Row],[Monthly]]*0.9,Table1[[#This Row],[Monthly]]),Table1[[#This Row],[SubType]]="6-Month",IF(Table1[[#This Row],[MonthsPaid]]<=12,Table1[[#This Row],[Monthly]]*0.75*0.9,Table1[[#This Row],[Monthly]]*0.75),Table1[[#This Row],[SubType]]="12-Month",IF(Table1[[#This Row],[MonthsPaid]]<=12,Table1[[#This Row],[Monthly]]*(2/3)*0.9,Table1[[#This Row],[Monthly]]*(2/3)))} -> 15 | L5: {=ROUND(_xlfn.IFS(Table1[[#This Row],[SubType]]="Monthly",(MAX(MIN(Table1[[#This Row],[MonthsPaid]],12)-1,0)*Table1[[#This Row],[Monthly]]*0.9)+(MAX(Table1[[#This Row],[MonthsPaid]]-12,0)*Table1[[#This Row],[Monthly]]),Table1[[#This Row],[SubType]]="6-Month",(MIN(Table1[[#This Row],[MonthsPaid]],12)*Table1[[#This Row],[Monthly]]*0.75*0.9)+(MAX(Table1[[#This Row],[MonthsPaid]]-12,0)*Table1[[#This Row],[Monthly]]*0.75),Table1[[#This Row],[SubType]]="12-Month",(MIN(Table1[[#This Row],[MonthsPaid]],12)*Table1[[#This Row],[Monthly]]*(2/3)*0.9)+(MAX(Table1[[#This Row],[MonthsPaid]]-12,0)*Table1[[#This Row],[Monthly]]*(2/3))),2)} -> 180 | M5: {=_xlfn.IFS(Table1[[#This Row],[Age]]>70,"Elderly",Table1[[#This Row],[Age]]>59,"Senior",Table1[[#This Row],[Age]]>49,"Mature Adult",Table1[[#This Row],[Age]]>25,"Adult",Table1[[#This Row],[Age]]>=18,"Young Adult")} -> Adult | N5: Northern Ireland | O5: Email Campaign | P5: Switched Service | Q5: {=_xlfn.IFS(Table1[[#This Row],[TotalRevenue]]<100,"Low",Table1[[#This Row],[TotalRevenue]]<300,"Medium",Table1[[#This Row],[TotalRevenue]]<600,"High",TRUE,"Very High")} -> Medium | R5: {=_xlfn.IFS(Table1[[#This Row],[Age]]>69,"Elderly",Table1[[#This Row],[Age]]>59,"Mature Adult",Table1[[#This Row],[Age]]>25,"Adult",Table1[[#This Row],[Age]]>18,"Young Adult",Table1[[#This Row],[Age]]>=12,"Teenager")} -> Adult | S5: =IF(Table1[[#This Row],[NextBillingDate]]="","Cancelled",IF(Table1[[#This Row],[CancellationDate]]<>"","Cancelled","Active")) -> Cancelled | T5: {=IF(Table1[[#This Row],[ChurnStatus]]="Cancelled",Table1[[#This Row],[TotalRevenue]],Table1[[#This Row],[TotalRevenue]] + Table1[[#This Row],[Discounted]] * _xlfn.IFS(Table1[[#This Row],[SubType]]="Monthly",1,Table1[[#This Row],[SubType]]="6-Month",6-MOD(Table1[[#This Row],[MonthsPaid]],6),Table1[[#This Row],[SubType]]="12-Month",12-MOD(Table1[[#This Row],[MonthsPaid]],12)))} -> 180 | U5: 44923 | W5: 44923 | X5: 0 | Y5: =IF(Table1[[#This Row],[ChurnStatus]]="Cancelled",Table1[[#This Row],[CancellationDate]],TODAY()) -> 44923 | Z5: =IF(AND(Table1[[#This Row],[SubscriptionStart]] <= TODAY(), Table1[[#This Row],[EffectiveEndDate]] >= TODAY()),1,0) -> 0 | AA5: =IF(AND(Table1[[#This Row],[SubscriptionStart]]<=Settings!$A$2,Table1[[#This Row],[EffectiveEndDate]]>=Settings!$A$2),1,0) -> 0 | AB5: =IF(AND(Table1[[#This Row],[SubscriptionStart]]<=Settings!$B$2,Table1[[#This Row],[EffectiveEndDate]]>=Settings!$B$2),1,0) -> 1 | AC5: =IF(AND(Table1[[#This Row],[SubscriptionStart]]<=Settings!$C$2,Table1[[#This Row],[EffectiveEndDate]]>=Settings!$C$2),1,0) -> 0 | AD5: =IF(AND(Table1[[#This Row],[SubscriptionStart]]<=Settings!$D$2,Table1[[#This Row],[EffectiveEndDate]]>=Settings!$D$2),1,0) -> 0 | AE5: =IF(AND(Table1[[#This Row],[SubscriptionStart]]<=Settings!$E$2,Table1[[#This Row],[EffectiveEndDate]]>=Settings!$E$2),1,0) -> 0
A6: CUST0108 | B6: 38 | C6: Female | D6: 44567 | E6: 44747 | F6: =TODAY() - Table1[[#This Row],[SubscriptionStart]] -> 1414 | G6: 6 | H6: 6-Month | I6: Premium | J6: {=_xlfn.IFS(Table1[[#This Row],[Tier]]="Basic",10,Table1[[#This Row],[Tier]]="Standard",18,Table1[[#This Row],[Tier]]="Premium",25)} -> 25 | K6: {=_xlfn.IFS(Table1[[#This Row],[SubType]]="Monthly",IF(Table1[[#This Row],[MonthsPaid]]<=12,Table1[[#This Row],[Monthly]]*0.9,Table1[[#This Row],[Monthly]]),Table1[[#This Row],[SubType]]="6-Month",IF(Table1[[#This Row],[MonthsPaid]]<=12,Table1[[#This Row],[Monthly]]*0.75*0.9,Table1[[#This Row],[Monthly]]*0.75),Table1[[#This Row],[SubType]]="12-Month",IF(Table1[[#This Row],[MonthsPaid]]<=12,Table1[[#This Row],[Monthly]]*(2/3)*0.9,Table1[[#This Row],[Monthly]]*(2/3)))} -> 16.875 | L6: {=ROUND(_xlfn.IFS(Table1[[#This Row],[SubType]]="Monthly",(MAX(MIN(Table1[[#This Row],[MonthsPaid]],12)-1,0)*Table1[[#This Row],[Monthly]]*0.9)+(MAX(Table1[[#This Row],[MonthsPaid]]-12,0)*Table1[[#This Row],[Monthly]]),Table1[[#This Row],[SubType]]="6-Month",(MIN(Table1[[#This Row],[MonthsPaid]],12)*Table1[[#This Row],[Monthly]]*0.75*0.9)+(MAX(Table1[[#This Row],[MonthsPaid]]-12,0)*Table1[[#This Row],[Monthly]]*0.75),Table1[[#This Row],[SubType]]="12-Month",(MIN(Table1[[#This Row],[MonthsPaid]],12)*Table1[[#This Row],[Monthly]]*(2/3)*0.9)+(MAX(Table1[[#This Row],[MonthsPaid]]-12,0)*Table1[[#This Row],[Monthly]]*(2/3))),2)} -> 101.25 | M6: {=_xlfn.IFS(Table1[[#This Row],[Age]]>70,"Elderly",Table1[[#This Row],[Age]]>59,"Senior",Table1[[#This Row],[Age]]>49,"Mature Adult",Table1[[#This Row],[Age]]>25,"Adult",Table1[[#This Row],[Age]]>=18,"Young Adult")} -> Adult | N6: Wales | O6: None | P6: Other | Q6: {=_xlfn.IFS(Table1[[#This Row],[TotalRevenue]]<100,"Low",Table1[[#This Row],[TotalRevenue]]<300,"Medium",Table1[[#This Row],[TotalRevenue]]<600,"High",TRUE,"Very High")} -> Medium | R6: {=_xlfn.IFS(Table1[[#This Row],[Age]]>69,"Elderly",Table1[[#This Row],[Age]]>59,"Mature Adult",Table1[[#This Row],[Age]]>25,"Adult",Table1[[#This Row],[Age]]>18,"Young Adult",Table1[[#This Row],[Age]]>=12,"Teenager")} -> Adult | S6: =IF(Table1[[#This Row],[NextBillingDate]]="","Cancelled",IF(Table1[[#This Row],[CancellationDate]]<>"","Cancelled","Active")) -> Cancelled | T6: {=IF(Table1[[#This Row],[ChurnStatus]]="Cancelled",Table1[[#This Row],[TotalRevenue]],Table1[[#This Row],[TotalRevenue]] + Table1[[#This Row],[Discounted]] * _xlfn.IFS(Table1[[#This Row],[SubType]]="Monthly",1,Table1[[#This Row],[SubType]]="6-Month",6-MOD(Table1[[#This Row],[MonthsPaid]],6),Table1[[#This Row],[SubType]]="12-Month",12-MOD(Table1[[#This Row],[MonthsPaid]],12)))} -> 101.25 | U6: 44747 | W6: 44747 | X6: 0 | Y6: =IF(Table1[[#This Row],[ChurnStatus]]="Cancelled",Table1[[#This Row],[CancellationDate]],TODAY()) -> 44747 | Z6: =IF(AND(Table1[[#This Row],[SubscriptionStart]] <= TODAY(), Table1[[#This Row],[EffectiveEndDate]] >= TODAY()),1,0) -> 0 | AA6: =IF(AND(Table1[[#This Row],[SubscriptionStart]]<=Settings!$A$2,Table1[[#This Row],[EffectiveEndDate]]>=Settings!$A$2),1,0) -> 0 | AB6: =IF(AND(Table1[[#This Row],[SubscriptionStart]]<=Settings!$B$2,Table1[[#This Row],[EffectiveEndDate]]>=Settings!$B$2),1,0) -> 1 | AC6: =IF(AND(Table1[[#This Row],[SubscriptionStart]]<=Settings!$C$2,Table1[[#This Row],[EffectiveEndDate]]>=Settings!$C$2),1,0) -> 0 | AD6: =IF(AND(Table1[[#This Row],[SubscriptionStart]]<=Settings!$D$2,Table1[[#This Row],[EffectiveEndDate]]>=Settings!$D$2),1,0) -> 0 | AE6: =IF(AND(Table1[[#This Row],[SubscriptionStart]]<=Settings!$E$2,Table1[[#This Row],[EffectiveEndDate]]>=Settings!$E$2),1,0) -> 0
A7: CUST0658 | B7: 30 | C7: Female | D7: 44569 | E7: 44599 | F7: =TODAY() - Table1[[#This Row],[SubscriptionStart]] -> 1412 | G7: 1 | H7: Monthly | I7: Standard | J7: {=_xlfn.IFS(Table1[[#This Row],[Tier]]="Basic",10,Table1[[#This Row],[Tier]]="Standard",18,Table1[[#This Row],[Tier]]="Premium",25)} -> 18 | K7: {=_xlfn.IFS(Table1[[#This Row],[SubType]]="Monthly",IF(Table1[[#This Row],[MonthsPaid]]<=12,Table1[[#This Row],[Monthly]]*0.9,Table1[[#This Row],[Monthly]]),Table1[[#This Row],[SubType]]="6-Month",IF(Table1[[#This Row],[MonthsPaid]]<=12,Table1[[#This Row],[Monthly]]*0.75*0.9,Table1[[#This Row],[Monthly]]*0.75),Table1[[#This Row],[SubType]]="12-Month",IF(Table1[[#This Row],[MonthsPaid]]<=12,Table1[[#This Row],[Monthly]]*(2/3)*0.9,Table1[[#This Row],[Monthly]]*(2/3)))} -> 16.2 | L7: {=ROUND(_xlfn.IFS(Table1[[#This Row],[SubType]]="Monthly",(MAX(MIN(Table1[[#This Row],[MonthsPaid]],12)-1,0)*Table1[[#This Row],[Monthly]]*0.9)+(MAX(Table1[[#This Row],[MonthsPaid]]-12,0)*Table1[[#This Row],[Monthly]]),Table1[[#This Row],[SubType]]="6-Month",(MIN(Table1[[#This Row],[MonthsPaid]],12)*Table1[[#This Row],[Monthly]]*0.75*0.9)+(MAX(Table1[[#This Row],[MonthsPaid]]-12,0)*Table1[[#This Row],[Monthly]]*0.75),Table1[[#This Row],[SubType]]="12-Month",(MIN(Table1[[#This Row],[MonthsPaid]],12)*Table1[[#This Row],[Monthly]]*(2/3)*0.9)+(MAX(Table1[[#This Row],[MonthsPaid]]-12,0)*Table1[[#This Row],[Monthly]]*(2/3))),2)} -> 0 | M7: {=_xlfn.IFS(Table1[[#This Row],[Age]]>70,"Elderly",Table1[[#This Row],[Age]]>59,"Senior",Table1[[#This Row],[Age]]>49,"Mature Adult",Table1[[#This Row],[Age]]>25,"Adult",Table1[[#This Row],[Age]]>=18,"Young Adult")} -> Adult | N7: England | O7: Friend | P7: No Longer Needed | Q7: {=_xlfn.IFS(Table1[[#This Row],[TotalRevenue]]<100,"Low",Table1[[#This Row],[TotalRevenue]]<300,"Medium",Table1[[#This Row],[TotalRevenue]]<600,"High",TRUE,"Very High")} -> Low | R7: {=_xlfn.IFS(Table1[[#This Row],[Age]]>69,"Elderly",Table1[[#This Row],[Age]]>59,"Mature Adult",Table1[[#This Row],[Age]]>25,"Adult",Table1[[#This Row],[Age]]>18,"Young Adult",Table1[[#This Row],[Age]]>=12,"Teenager")} -> Adult | S7: =IF(Table1[[#This Row],[NextBillingDate]]="","Cancelled",IF(Table1[[#This Row],[CancellationDate]]<>"","Cancelled","Active")) -> Cancelled | T7: {=IF(Table1[[#This Row],[ChurnStatus]]="Cancelled",Table1[[#This Row],[TotalRevenue]],Table1[[#This Row],[TotalRevenue]] + Table1[[#This Row],[Discounted]] * _xlfn.IFS(Table1[[#This Row],[SubType]]="Monthly",1,Table1[[#This Row],[SubType]]="6-Month",6-MOD(Table1[[#This Row],[MonthsPaid]],6),Table1[[#This Row],[SubType]]="12-Month",12-MOD(Table1[[#This Row],[MonthsPaid]],12)))} -> 0 | U7: 44599 | W7: 44599 | X7: 0 | Y7: =IF(Table1[[#This Row],[ChurnStatus]]="Cancelled",Table1[[#This Row],[CancellationDate]],TODAY()) -> 44599 | Z7: =IF(AND(Table1[[#This Row],[SubscriptionStart]] <= TODAY(), Table1[[#This Row],[EffectiveEndDate]] >= TODAY()),1,0) -> 0 | AA7: =IF(AND(Table1[[#This Row],[SubscriptionStart]]<=Settings!$A$2,Table1[[#This Row],[EffectiveEndDate]]>=Settings!$A$2),1,0) -> 0 | AB7: =IF(AND(Table1[[#This Row],[SubscriptionStart]]<=Settings!$B$2,Table1[[#This Row],[EffectiveEndDate]]>=Settings!$B$2),1,0) -> 0 | AC7: =IF(AND(Table1[[#This Row],[SubscriptionStart]]<=Settings!$C$2,Table1[[#This Row],[EffectiveEndDate]]>=Settings!$C$2),1,0) -> 0 | AD7: =IF(AND(Table1[[#This Row],[SubscriptionStart]]<=Settings!$D$2,Table1[[#This Row],[EffectiveEndDate]]>=Settings!$D$2),1,0) -> 0 | AE7: =IF(AND(Table1[[#This Row],[SubscriptionStart]]<=Settings!$E$2,Table1[[#This Row],[EffectiveEndDate]]>=Settings!$E$2),1,0) -> 0
A8: CUST0269 | B8: 43 | C8: Male | D8: 44569 | F8: =TODAY() - Table1[[#This Row],[SubscriptionStart]] -> 1412 | G8: 48 | H8: 6-Month | I8: Basic | J8: {=_xlfn.IFS(Table1[[#This Row],[Tier]]="Basic",10,Table1[[#This Row],[Tier]]="Standard",18,Table1[[#This Row],[Tier]]="Premium",25)} -> 10 | K8: {=_xlfn.IFS(Table1[[#This Row],[SubType]]="Monthly",IF(Table1[[#This Row],[MonthsPaid]]<=12,Table1[[#This Row],[Monthly]]*0.9,Table1[[#This Row],[Monthly]]),Table1[[#This Row],[SubType]]="6-Month",IF(Table1[[#This Row],[MonthsPaid]]<=12,Table1[[#This Row],[Monthly]]*0.75*0.9,Table1[[#This Row],[Monthly]]*0.75),Table1[[#This Row],[SubType]]="12-Month",IF(Table1[[#This Row],[MonthsPaid]]<=12,Table1[[#This Row],[Monthly]]*(2/3)*0.9,Table1[[#This Row],[Monthly]]*(2/3)))} -> 7.5 | L8: {=ROUND(_xlfn.IFS(Table1[[#This Row],[SubType]]="Monthly",(MAX(MIN(Table1[[#This Row],[MonthsPaid]],12)-1,0)*Table1[[#This Row],[Monthly]]*0.9)+(MAX(Table1[[#This Row],[MonthsPaid]]-12,0)*Table1[[#This Row],[Monthly]]),Table1[[#This Row],[SubType]]="6-Month",(MIN(Table1[[#This Row],[MonthsPaid]],12)*Table1[[#This Row],[Monthly]]*0.75*0.9)+(MAX(Table1[[#This Row],[MonthsPaid]]-12,0)*Table1[[#This Row],[Monthly]]*0.75),Table1[[#This Row],[SubType]]="12-Month",(MIN(Table1[[#This Row],[MonthsPaid]],12)*Table1[[#This Row],[Monthly]]*(2/3)*0.9)+(MAX(Table1[[#This Row],[MonthsPaid]]-12,0)*Table1[[#This Row],[Monthly]]*(2/3))),2)} -> 351 | M8: {=_xlfn.IFS(Table1[[#This Row],[Age]]>70,"Elderly",Table1[[#This Row],[Age]]>59,"Senior",Table1[[#This Row],[Age]]>49,"Mature Adult",Table1[[#This Row],[Age]]>25,"Adult",Table1[[#This Row],[Age]]>=18,"Young Adult")} -> Adult | N8: Northern Ireland | O8: Email Campaign | Q8: {=_xlfn.IFS(Table1[[#This Row],[TotalRevenue]]<100,"Low",Table1[[#This Row],[TotalRevenue]]<300,"Medium",Table1[[#This Row],[TotalRevenue]]<600,"High",TRUE,"Very High")} -> High | R8: {=_xlfn.IFS(Table1[[#This Row],[Age]]>69,"Elderly",Table1[[#This Row],[Age]]>59,"Mature Adult",Table1[[#This Row],[Age]]>25,"Adult",Table1[[#This Row],[Age]]>18,"Young Adult",Table1[[#This Row],[Age]]>=12,"Teenager")} -> Adult | S8: =IF(Table1[[#This Row],[NextBillingDate]]="","Cancelled",IF(Table1[[#This Row],[CancellationDate]]<>"","Cancelled","Active")) -> Active | T8: {=IF(Table1[[#This Row],[ChurnStatus]]="Cancelled",Table1[[#This Row],[TotalRevenue]],Table1[[#This Row],[TotalRevenue]] + Table1[[#This Row],[Discounted]] * _xlfn.IFS(Table1[[#This Row],[SubType]]="Monthly",1,Table1[[#This Row],[SubType]]="6-Month",6-MOD(Table1[[#This Row],[MonthsPaid]],6),Table1[[#This Row],[SubType]]="12-Month",12-MOD(Table1[[#This Row],[MonthsPaid]],12)))} -> 396 | V8: 46009 | W8: 46009 | X8: 7 | Y8: =IF(Table1[[#This Row],[ChurnStatus]]="Cancelled",Table1[[#This Row],[CancellationDate]],TODAY()) -> 45981 | Z8: =IF(AND(Table1[[#This Row],[SubscriptionStart]] <= TODAY(), Table1[[#This Row],[EffectiveEndDate]] >= TODAY()),1,0) -> 1 | AA8: =IF(AND(Table1[[#This Row],[SubscriptionStart]]<=Settings!$A$2,Table1[[#This Row],[EffectiveEndDate]]>=Settings!$A$2),1,0) -> 0 | AB8: =IF(AND(Table1[[#This Row],[SubscriptionStart]]<=Settings!$B$2,Table1[[#This Row],[EffectiveEndDate]]>=Settings!$B$2),1,0) -> 1 | AC8: =IF(AND(Table1[[#This Row],[SubscriptionStart]]<=Settings!$C$2,Table1[[#This Row],[EffectiveEndDate]]>=Settings!$C$2),1,0) -> 1 | AD8: =IF(AND(Table1[[#This Row],[SubscriptionStart]]<=Settings!$D$2,Table1[[#This Row],[EffectiveEndDate]]>=Settings!$D$2),1,0) -> 1 | AE8: =IF(AND(Table1[[#This Row],[SubscriptionStart]]<=Settings!$E$2,Table1[[#This Row],[EffectiveEndDate]]>=Settings!$E$2),1,0) -> 1
A9: CUST0522 | B9: 30 | C9: Male | D9: 44570 | E9: 44600 | F9: =TODAY() - Table1[[#This Row],[SubscriptionStart]] -> 1411 | G9: 1 | H9: Monthly | I9: Basic | J9: {=_xlfn.IFS(Table1[[#This Row],[Tier]]="Basic",10,Table1[[#This Row],[Tier]]="Standard",18,Table1[[#This Row],[Tier]]="Premium",25)} -> 10 | K9: {=_xlfn.IFS(Table1[[#This Row],[SubType]]="Monthly",IF(Table1[[#This Row],[MonthsPaid]]<=12,Table1[[#This Row],[Monthly]]*0.9,Table1[[#This Row],[Monthly]]),Table1[[#This Row],[SubType]]="6-Month",IF(Table1[[#This Row],[MonthsPaid]]<=12,Table1[[#This Row],[Monthly]]*0.75*0.9,Table1[[#This Row],[Monthly]]*0.75),Table1[[#This Row],[SubType]]="12-Month",IF(Table1[[#This Row],[MonthsPaid]]<=12,Table1[[#This Row],[Monthly]]*(2/3)*0.9,Table1[[#This Row],[Monthly]]*(2/3)))} -> 9 | L9: {=ROUND(_xlfn.IFS(Table1[[#This Row],[SubType]]="Monthly",(MAX(MIN(Table1[[#This Row],[MonthsPaid]],12)-1,0)*Table1[[#This Row],[Monthly]]*0.9)+(MAX(Table1[[#This Row],[MonthsPaid]]-12,0)*Table1[[#This Row],[Monthly]]),Table1[[#This Row],[SubType]]="6-Month",(MIN(Table1[[#This Row],[MonthsPaid]],12)*Table1[[#This Row],[Monthly]]*0.75*0.9)+(MAX(Table1[[#This Row],[MonthsPaid]]-12,0)*Table1[[#This Row],[Monthly]]*0.75),Table1[[#This Row],[SubType]]="12-Month",(MIN(Table1[[#This Row],[MonthsPaid]],12)*Table1[[#This Row],[Monthly]]*(2/3)*0.9)+(MAX(Table1[[#This Row],[MonthsPaid]]-12,0)*Table1[[#This Row],[Monthly]]*(2/3))),2)} -> 0 | M9: {=_xlfn.IFS(Table1[[#This Row],[Age]]>70,"Elderly",Table1[[#This Row],[Age]]>59,"Senior",Table1[[#This Row],[Age]]>49,"Mature Adult",Table1[[#This Row],[Age]]>25,"Adult",Table1[[#This Row],[Age]]>=18,"Young Adult")} -> Adult | N9: Scotland | O9: Social Media | P9: Other | Q9: {=_xlfn.IFS(Table1[[#This Row],[TotalRevenue]]<100,"Low",Table1[[#This Row],[TotalRevenue]]<300,"Medium",Table1[[#This Row],[TotalRevenue]]<600,"High",TRUE,"Very High")} -> Low | R9: {=_xlfn.IFS(Table1[[#This Row],[Age]]>69,"Elderly",Table1[[#This Row],[Age]]>59,"Mature Adult",Table1[[#This Row],[Age]]>25,"Adult",Table1[[#This Row],[Age]]>18,"Young Adult",Table1[[#This Row],[Age]]>=12,"Teenager")} -> Adult | S9: =IF(Table1[[#This Row],[NextBillingDate]]="","Cancelled",IF(Table1[[#This Row],[CancellationDate]]<>"","Cancelled","Active")) -> Cancelled | T9: {=IF(Table1[[#This Row],[ChurnStatus]]="Cancelled",Table1[[#This Row],[TotalRevenue]],Table1[[#This Row],[TotalRevenue]] + Table1[[#This Row],[Discounted]] * _xlfn.IFS(Table1[[#This Row],[SubType]]="Monthly",1,Table1[[#This Row],[SubType]]="6-Month",6-MOD(Table1[[#This Row],[MonthsPaid]],6),Table1[[#This Row],[SubType]]="12-Month",12-MOD(Table1[[#This Row],[MonthsPaid]],12)))} -> 0 | U9: 44600 | W9: 44600 | X9: 0 | Y9: =IF(Table1[[#This Row],[ChurnStatus]]="Cancelled",Table1[[#This Row],[CancellationDate]],TODAY()) -> 44600 | Z9: =IF(AND(Table1[[#This Row],[SubscriptionStart]] <= TODAY(), Table1[[#This Row],[EffectiveEndDate]] >= TODAY()),1,0) -> 0 | AA9: =IF(AND(Table1[[#This Row],[SubscriptionStart]]<=Settings!$A$2,Table1[[#This Row],[EffectiveEndDate]]>=Settings!$A$2),1,0) -> 0 | AB9: =IF(AND(Table1[[#This Row],[SubscriptionStart]]<=Settings!$B$2,Table1[[#This Row],[EffectiveEndDate]]>=Settings!$B$2),1,0) -> 0 | AC9: =IF(AND(Table1[[#This Row],[SubscriptionStart]]<=Settings!$C$2,Table1[[#This Row],[EffectiveEndDate]]>=Settings!$C$2),1,0) -> 0 | AD9: =IF(AND(Table1[[#This Row],[SubscriptionStart]]<=Settings!$D$2,Table1[[#This Row],[EffectiveEndDate]]>=Settings!$D$2),1,0) -> 0 | AE9: =IF(AND(Table1[[#This Row],[SubscriptionStart]]<=Settings!$E$2,Table1[[#This Row],[EffectiveEndDate]]>=Settings!$E$2),1,0) -> 0
A10: CUST0285 | B10: 46 | C10: Male | D10: 44570 | F10: =TODAY() - Table1[[#This Row],[SubscriptionStart]] -> 1411 | G10: 48 | H10: 6-Month | I10: Standard | J10: {=_xlfn.IFS(Table1[[#This Row],[Tier]]="Basic",10,Table1[[#This Row],[Tier]]="Standard",18,Table1[[#This Row],[Tier]]="Premium",25)} -> 18 | K10: {=_xlfn.IFS(Table1[[#This Row],[SubType]]="Monthly",IF(Table1[[#This Row],[MonthsPaid]]<=12,Table1[[#This Row],[Monthly]]*0.9,Table1[[#This Row],[Monthly]]),Table1[[#This Row],[SubType]]="6-Month",IF(Table1[[#This Row],[MonthsPaid]]<=12,Table1[[#This Row],[Monthly]]*0.75*0.9,Table1[[#This Row],[Monthly]]*0.75),Table1[[#This Row],[SubType]]="12-Month",IF(Table1[[#This Row],[MonthsPaid]]<=12,Table1[[#This Row],[Monthly]]*(2/3)*0.9,Table1[[#This Row],[Monthly]]*(2/3)))} -> 13.5 | L10: {=ROUND(_xlfn.IFS(Table1[[#This Row],[SubType]]="Monthly",(MAX(MIN(Table1[[#This Row],[MonthsPaid]],12)-1,0)*Table1[[#This Row],[Monthly]]*0.9)+(MAX(Table1[[#This Row],[MonthsPaid]]-12,0)*Table1[[#This Row],[Monthly]]),Table1[[#This Row],[SubType]]="6-Month",(MIN(Table1[[#This Row],[MonthsPaid]],12)*Table1[[#This Row],[Monthly]]*0.75*0.9)+(MAX(Table1[[#This Row],[MonthsPaid]]-12,0)*Table1[[#This Row],[Monthly]]*0.75),Table1[[#This Row],[SubType]]="12-Month",(MIN(Table1[[#This Row],[MonthsPaid]],12)*Table1[[#This Row],[Monthly]]*(2/3)*0.9)+(MAX(Table1[[#This Row],[MonthsPaid]]-12,0)*Table1[[#This Row],[Monthly]]*(2/3))),2)} -> 631.8 | M10: {=_xlfn.IFS(Table1[[#This Row],[Age]]>70,"Elderly",Table1[[#This Row],[Age]]>59,"Senior",Table1[[#This Row],[Age]]>49,"Mature Adult",Table1[[#This Row],[Age]]>25,"Adult",Table1[[#This Row],[Age]]>=18,"Young Adult")} -> Adult | N10: Scotland | O10: Social Media | Q10: {=_xlfn.IFS(Table1[[#This Row],[TotalRevenue]]<100,"Low",Table1[[#This Row],[TotalRevenue]]<300,"Medium",Table1[[#This Row],[TotalRevenue]]<600,"High",TRUE,"Very High")} -> Very High | R10: {=_xlfn.IFS(Table1[[#This Row],[Age]]>69,"Elderly",Table1[[#This Row],[Age]]>59,"Mature Adult",Table1[[#This Row],[Age]]>25,"Adult",Table1[[#This Row],[Age]]>18,"Young Adult",Table1[[#This Row],[Age]]>=12,"Teenager")} -> Adult | S10: =IF(Table1[[#This Row],[NextBillingDate]]="","Cancelled",IF(Table1[[#This Row],[CancellationDate]]<>"","Cancelled","Active")) -> Active | T10: {=IF(Table1[[#This Row],[ChurnStatus]]="Cancelled",Table1[[#This Row],[TotalRevenue]],Table1[[#This Row],[TotalRevenue]] + Table1[[#This Row],[Discounted]] * _xlfn.IFS(Table1[[#This Row],[SubType]]="Monthly",1,Table1[[#This Row],[SubType]]="6-Month",6-MOD(Table1[[#This Row],[MonthsPaid]],6),Table1[[#This Row],[SubType]]="12-Month",12-MOD(Table1[[#This Row],[MonthsPaid]],12)))} -> 712.8 | V10: 46010 | W10: 46010 | X10: 7 | Y10: =IF(Table1[[#This Row],[ChurnStatus]]="Cancelled",Table1[[#This Row],[CancellationDate]],TODAY()) -> 45981 | Z10: =IF(AND(Table1[[#This Row],[SubscriptionStart]] <= TODAY(), Table1[[#This Row],[EffectiveEndDate]] >= TODAY()),1,0) -> 1 | AA10: =IF(AND(Table1[[#This Row],[SubscriptionStart]]<=Settings!$A$2,Table1[[#This Row],[EffectiveEndDate]]>=Settings!$A$2),1,0) -> 0 | AB10: =IF(AND(Table1[[#This Row],[SubscriptionStart]]<=Settings!$B$2,Table1[[#This Row],[EffectiveEndDate]]>=Settings!$B$2),1,0) -> 1 | AC10: =IF(AND(Table1[[#This Row],[SubscriptionStart]]<=Settings!$C$2,Table1[[#This Row],[EffectiveEndDate]]>=Settings!$C$2),1,0) -> 1 | AD10: =IF(AND(Table1[[#This Row],[SubscriptionStart]]<=Settings!$D$2,Table1[[#This Row],[EffectiveEndDate]]>=Settings!$D$2),1,0) -> 1 | AE10: =IF(AND(Table1[[#This Row],[SubscriptionStart]]<=Settings!$E$2,Table1[[#This Row],[EffectiveEndDate]]>=Settings!$E$2),1,0) -> 1
A11: CUST0695 | B11: 30 | C11: Female | D11: 44573 | E11: 44933 | F11: =TODAY() - Table1[[#This Row],[SubscriptionStart]] -> 1408 | G11: 12 | H11: 12-Month | I11: Basic | J11: {=_xlfn.IFS(Table1[[#This Row],[Tier]]="Basic",10,Table1[[#This Row],[Tier]]="Standard",18,Table1[[#This Row],[Tier]]="Premium",25)} -> 10 | K11: {=_xlfn.IFS(Table1[[#This Row],[SubType]]="Monthly",IF(Table1[[#This Row],[MonthsPaid]]<=12,Table1[[#This Row],[Monthly]]*0.9,Table1[[#This Row],[Monthly]]),Table1[[#This Row],[SubType]]="6-Month",IF(Table1[[#This Row],[MonthsPaid]]<=12,Table1[[#This Row],[Monthly]]*0.75*0.9,Table1[[#This Row],[Monthly]]*0.75),Table1[[#This Row],[SubType]]="12-Month",IF(Table1[[#This Row],[MonthsPaid]]<=12,Table1[[#This Row],[Monthly]]*(2/3)*0.9,Table1[[#This Row],[Monthly]]*(2/3)))} -> 6 | L11: {=ROUND(_xlfn.IFS(Table1[[#This Row],[SubType]]="Monthly",(MAX(MIN(Table1[[#This Row],[MonthsPaid]],12)-1,0)*Table1[[#This Row],[Monthly]]*0.9)+(MAX(Table1[[#This Row],[MonthsPaid]]-12,0)*Table1[[#This Row],[Monthly]]),Table1[[#This Row],[SubType]]="6-Month",(MIN(Table1[[#This Row],[MonthsPaid]],12)*Table1[[#This Row],[Monthly]]*0.75*0.9)+(MAX(Table1[[#This Row],[MonthsPaid]]-12,0)*Table1[[#This Row],[Monthly]]*0.75),Table1[[#This Row],[SubType]]="12-Month",(MIN(Table1[[#This Row],[MonthsPaid]],12)*Table1[[#This Row],[Monthly]]*(2/3)*0.9)+(MAX(Table1[[#This Row],[MonthsPaid]]-12,0)*Table1[[#This Row],[Monthly]]*(2/3))),2)} -> 72 | M11: {=_xlfn.IFS(Table1[[#This Row],[Age]]>70,"Elderly",Table1[[#This Row],[Age]]>59,"Senior",Table1[[#This Row],[Age]]>49,"Mature Adult",Table1[[#This Row],[Age]]>25,"Adult",Table1[[#This Row],[Age]]>=18,"Young Adult")} -> Adult | N11: Wales | O11: Friend | P11: Too Expensive | Q11: {=_xlfn.IFS(Table1[[#This Row],[TotalRevenue]]<100,"Low",Table1[[#This Row],[TotalRevenue]]<300,"Medium",Table1[[#This Row],[TotalRevenue]]<600,"High",TRUE,"Very High")} -> Low | R11: {=_xlfn.IFS(Table1[[#This Row],[Age]]>69,"Elderly",Table1[[#This Row],[Age]]>59,"Mature Adult",Table1[[#This Row],[Age]]>25,"Adult",Table1[[#This Row],[Age]]>18,"Young Adult",Table1[[#This Row],[Age]]>=12,"Teenager")} -> Adult | S11: =IF(Table1[[#This Row],[NextBillingDate]]="","Cancelled",IF(Table1[[#This Row],[CancellationDate]]<>"","Cancelled","Active")) -> Cancelled | T11: {=IF(Table1[[#This Row],[ChurnStatus]]="Cancelled",Table1[[#This Row],[TotalRevenue]],Table1[[#This Row],[TotalRevenue]] + Table1[[#This Row],[Discounted]] * _xlfn.IFS(Table1[[#This Row],[SubType]]="Monthly",1,Table1[[#This Row],[SubType]]="6-Month",6-MOD(Table1[[#This Row],[MonthsPaid]],6),Table1[[#This Row],[SubType]]="12-Month",12-MOD(Table1[[#This Row],[MonthsPaid]],12)))} -> 72 | U11: 44933 | W11: 44933 | X11: 0 | Y11: =IF(Table1[[#This Row],[ChurnStatus]]="Cancelled",Table1[[#This Row],[CancellationDate]],TODAY()) -> 44933 | Z11: =IF(AND(Table1[[#This Row],[SubscriptionStart]] <= TODAY(), Table1[[#This Row],[EffectiveEndDate]] >= TODAY()),1,0) -> 0 | AA11: =IF(AND(Table1[[#This Row],[SubscriptionStart]]<=Settings!$A$2,Table1[[#This Row],[EffectiveEndDate]]>=Settings!$A$2),1,0) -> 0 | AB11: =IF(AND(Table1[[#This Row],[SubscriptionStart]]<=Settings!$B$2,Table1[[#This Row],[EffectiveEndDate]]>=Settings!$B$2),1,0) -> 1 | AC11: =IF(AND(Table1[[#This Row],[SubscriptionStart]]<=Settings!$C$2,Table1[[#This Row],[EffectiveEndDate]]>=Settings!$C$2),1,0) -> 1 | AD11: =IF(AND(Table1[[#This Row],[SubscriptionStart]]<=Settings!$D$2,Table1[[#This Row],[EffectiveEndDate]]>=Settings!$D$2),1,0) -> 0 | AE11: =IF(AND(Table1[[#This Row],[SubscriptionStart]]<=Settings!$E$2,Table1[[#This Row],[EffectiveEndDate]]>=Settings!$E$2),1,0) -> 0
A12: CUST0223 | B12: 45 | C12: Female | D12: 44576 | E12: 44606 | F12: =TODAY() - Table1[[#This Row],[SubscriptionStart]] -> 1405 | G12: 1 | H12: Monthly | I12: Standard | J12: {=_xlfn.IFS(Table1[[#This Row],[Tier]]="Basic",10,Table1[[#This Row],[Tier]]="Standard",18,Table1[[#This Row],[Tier]]="Premium",25)} -> 18 | K12: {=_xlfn.IFS(Table1[[#This Row],[SubType]]="Monthly",IF(Table1[[#This Row],[MonthsPaid]]<=12,Table1[[#This Row],[Monthly]]*0.9,Table1[[#This Row],[Monthly]]),Table1[[#This Row],[SubType]]="6-Month",IF(Table1[[#This Row],[MonthsPaid]]<=12,Table1[[#This Row],[Monthly]]*0.75*0.9,Table1[[#This Row],[Monthly]]*0.75),Table1[[#This Row],[SubType]]="12-Month",IF(Table1[[#This Row],[MonthsPaid]]<=12,Table1[[#This Row],[Monthly]]*(2/3)*0.9,Table1[[#This Row],[Monthly]]*(2/3)))} -> 16.2 | L12: {=ROUND(_xlfn.IFS(Table1[[#This Row],[SubType]]="Monthly",(MAX(MIN(Table1[[#This Row],[MonthsPaid]],12)-1,0)*Table1[[#This Row],[Monthly]]*0.9)+(MAX(Table1[[#This Row],[MonthsPaid]]-12,0)*Table1[[#This Row],[Monthly]]),Table1[[#This Row],[SubType]]="6-Month",(MIN(Table1[[#This Row],[MonthsPaid]],12)*Table1[[#This Row],[Monthly]]*0.75*0.9)+(MAX(Table1[[#This Row],[MonthsPaid]]-12,0)*Table1[[#This Row],[Monthly]]*0.75),Table1[[#This Row],[SubType]]="12-Month",(MIN(Table1[[#This Row],[MonthsPaid]],12)*Table1[[#This Row],[Monthly]]*(2/3)*0.9)+(MAX(Table1[[#This Row],[MonthsPaid]]-12,0)*Table1[[#This Row],[Monthly]]*(2/3))),2)} -> 0 | M12: {=_xlfn.IFS(Table1[[#This Row],[Age]]>70,"Elderly",Table1[[#This Row],[Age]]>59,"Senior",Table1[[#This Row],[Age]]>49,"Mature Adult",Table1[[#This Row],[Age]]>25,"Adult",Table1[[#This Row],[Age]]>=18,"Young Adult")} -> Adult | N12: Wales | O12: None | P12: No Longer Needed | Q12: {=_xlfn.IFS(Table1[[#This Row],[TotalRevenue]]<100,"Low",Table1[[#This Row],[TotalRevenue]]<300,"Medium",Table1[[#This Row],[TotalRevenue]]<600,"High",TRUE,"Very High")} -> Low | R12: {=_xlfn.IFS(Table1[[#This Row],[Age]]>69,"Elderly",Table1[[#This Row],[Age]]>59,"Mature Adult",Table1[[#This Row],[Age]]>25,"Adult",Table1[[#This Row],[Age]]>18,"Young Adult",Table1[[#This Row],[Age]]>=12,"Teenager")} -> Adult | S12: =IF(Table1[[#This Row],[NextBillingDate]]="","Cancelled",IF(Table1[[#This Row],[CancellationDate]]<>"","Cancelled","Active")) -> Cancelled | T12: {=IF(Table1[[#This Row],[ChurnStatus]]="Cancelled",Table1[[#This Row],[TotalRevenue]],Table1[[#This Row],[TotalRevenue]] + Table1[[#This Row],[Discounted]] * _xlfn.IFS(Table1[[#This Row],[SubType]]="Monthly",1,Table1[[#This Row],[SubType]]="6-Month",6-MOD(Table1[[#This Row],[MonthsPaid]],6),Table1[[#This Row],[SubType]]="12-Month",12-MOD(Table1[[#This Row],[MonthsPaid]],12)))} -> 0 | U12: 44606 | W12: 44606 | X12: 0 | Y12: =IF(Table1[[#This Row],[ChurnStatus]]="Cancelled",Table1[[#This Row],[CancellationDate]],TODAY()) -> 44606 | Z12: =IF(AND(Table1[[#This Row],[SubscriptionStart]] <= TODAY(), Table1[[#This Row],[EffectiveEndDate]] >= TODAY()),1,0) -> 0 | AA12: =IF(AND(Table1[[#This Row],[SubscriptionStart]]<=Settings!$A$2,Table1[[#This Row],[EffectiveEndDate]]>=Settings!$A$2),1,0) -> 0 | AB12: =IF(AND(Table1[[#This Row],[SubscriptionStart]]<=Settings!$B$2,Table1[[#This Row],[EffectiveEndDate]]>=Settings!$B$2),1,0) -> 0 | AC12: =IF(AND(Table1[[#This Row],[SubscriptionStart]]<=Settings!$C$2,Table1[[#This Row],[EffectiveEndDate]]>=Settings!$C$2),1,0) -> 0 | AD12: =IF(AND(Table1[[#This Row],[SubscriptionStart]]<=Settings!$D$2,Table1[[#This Row],[EffectiveEndDate]]>=Settings!$D$2),1,0) -> 0 | AE12: =IF(AND(Table1[[#This Row],[SubscriptionStart]]<=Settings!$E$2,Table1[[#This Row],[EffectiveEndDate]]>=Settings!$E$2),1,0) -> 0
A13: CUST0092 | B13: 19 | C13: Male | D13: 44577 | E13: 44607 | F13: =TODAY() - Table1[[#This Row],[SubscriptionStart]] -> 1404 | G13: 1 | H13: Monthly | I13: Basic | J13: {=_xlfn.IFS(Table1[[#This Row],[Tier]]="Basic",10,Table1[[#This Row],[Tier]]="Standard",18,Table1[[#This Row],[Tier]]="Premium",25)} -> 10 | K13: {=_xlfn.IFS(Table1[[#This Row],[SubType]]="Monthly",IF(Table1[[#This Row],[MonthsPaid]]<=12,Table1[[#This Row],[Monthly]]*0.9,Table1[[#This Row],[Monthly]]),Table1[[#This Row],[SubType]]="6-Month",IF(Table1[[#This Row],[MonthsPaid]]<=12,Table1[[#This Row],[Monthly]]*0.75*0.9,Table1[[#This Row],[Monthly]]*0.75),Table1[[#This Row],[SubType]]="12-Month",IF(Table1[[#This Row],[MonthsPaid]]<=12,Table1[[#This Row],[Monthly]]*(2/3)*0.9,Table1[[#This Row],[Monthly]]*(2/3)))} -> 9 | L13: {=ROUND(_xlfn.IFS(Table1[[#This Row],[SubType]]="Monthly",(MAX(MIN(Table1[[#This Row],[MonthsPaid]],12)-1,0)*Table1[[#This Row],[Monthly]]*0.9)+(MAX(Table1[[#This Row],[MonthsPaid]]-12,0)*Table1[[#This Row],[Monthly]]),Table1[[#This Row],[SubType]]="6-Month",(MIN(Table1[[#This Row],[MonthsPaid]],12)*Table1[[#This Row],[Monthly]]*0.75*0.9)+(MAX(Table1[[#This Row],[MonthsPaid]]-12,0)*Table1[[#This Row],[Monthly]]*0.75),Table1[[#This Row],[SubType]]="12-Month",(MIN(Table1[[#This Row],[MonthsPaid]],12)*Table1[[#This Row],[Monthly]]*(2/3)*0.9)+(MAX(Table1[[#This Row],[MonthsPaid]]-12,0)*Table1[[#This Row],[Monthly]]*(2/3))),2)} -> 0 | M13: {=_xlfn.IFS(Table1[[#This Row],[Age]]>70,"Elderly",Table1[[#This Row],[Age]]>59,"Senior",Table1[[#This Row],[Age]]>49,"Mature Adult",Table1[[#This Row],[Age]]>25,"Adult",Table1[[#This Row],[Age]]>=18,"Young Adult")} -> Young Adult | N13: Scotland | O13: Social Media | P13: Poor Experience | Q13: {=_xlfn.IFS(Table1[[#This Row],[TotalRevenue]]<100,"Low",Table1[[#This Row],[TotalRevenue]]<300,"Medium",Table1[[#This Row],[TotalRevenue]]<600,"High",TRUE,"Very High")} -> Low | R13: {=_xlfn.IFS(Table1[[#This Row],[Age]]>69,"Elderly",Table1[[#This Row],[Age]]>59,"Mature Adult",Table1[[#This Row],[Age]]>25,"Adult",Table1[[#This Row],[Age]]>18,"Young Adult",Table1[[#This Row],[Age]]>=12,"Teenager")} -> Young Adult | S13: =IF(Table1[[#This Row],[NextBillingDate]]="","Cancelled",IF(Table1[[#This Row],[CancellationDate]]<>"","Cancelled","Active")) -> Cancelled | T13: {=IF(Table1[[#This Row],[ChurnStatus]]="Cancelled",Table1[[#This Row],[TotalRevenue]],Table1[[#This Row],[TotalRevenue]] + Table1[[#This Row],[Discounted]] * _xlfn.IFS(Table1[[#This Row],[SubType]]="Monthly",1,Table1[[#This Row],[SubType]]="6-Month",6-MOD(Table1[[#This Row],[MonthsPaid]],6),Table1[[#This Row],[SubType]]="12-Month",12-MOD(Table1[[#This Row],[MonthsPaid]],12)))} -> 0 | U13: 44607 | W13: 44607 | X13: 0 | Y13: =IF(Table1[[#This Row],[ChurnStatus]]="Cancelled",Table1[[#This Row],[CancellationDate]],TODAY()) -> 44607 | Z13: =IF(AND(Table1[[#This Row],[SubscriptionStart]] <= TODAY(), Table1[[#This Row],[EffectiveEndDate]] >= TODAY()),1,0) -> 0 | AA13: =IF(AND(Table1[[#This Row],[SubscriptionStart]]<=Settings!$A$2,Table1[[#This Row],[EffectiveEndDate]]>=Settings!$A$2),1,0) -> 0 | AB13: =IF(AND(Table1[[#This Row],[SubscriptionStart]]<=Settings!$B$2,Table1[[#This Row],[EffectiveEndDate]]>=Settings!$B$2),1,0) -> 0 | AC13: =IF(AND(Table1[[#This Row],[SubscriptionStart]]<=Settings!$C$2,Table1[[#This Row],[EffectiveEndDate]]>=Settings!$C$2),1,0) -> 0 | AD13: =IF(AND(Table1[[#This Row],[SubscriptionStart]]<=Settings!$D$2,Table1[[#This Row],[EffectiveEndDate]]>=Settings!$D$2),1,0) -> 0 | AE13: =IF(AND(Table1[[#This Row],[SubscriptionStart]]<=Settings!$E$2,Table1[[#This Row],[EffectiveEndDate]]>=Settings!$E$2),1,0) -> 0
A14: CUST0349 | B14: 64 | C14: Male | D14: 44577 | E14: 44937 | F14: =TODAY() - Table1[[#This Row],[SubscriptionStart]] -> 1404 | G14: 12 | H14: 12-Month | I14: Standard | J14: {=_xlfn.IFS(Table1[[#This Row],[Tier]]="Basic",10,Table1[[#This Row],[Tier]]="Standard",18,Table1[[#This Row],[Tier]]="Premium",25)} -> 18 | K14: {=_xlfn.IFS(Table1[[#This Row],[SubType]]="Monthly",IF(Table1[[#This Row],[MonthsPaid]]<=12,Table1[[#This Row],[Monthly]]*0.9,Table1[[#This Row],[Monthly]]),Table1[[#This Row],[SubType]]="6-Month",IF(Table1[[#This Row],[MonthsPaid]]<=12,Table1[[#This Row],[Monthly]]*0.75*0.9,Table1[[#This Row],[Monthly]]*0.75),Table1[[#This Row],[SubType]]="12-Month",IF(Table1[[#This Row],[MonthsPaid]]<=12,Table1[[#This Row],[Monthly]]*(2/3)*0.9,Table1[[#This Row],[Monthly]]*(2/3)))} -> 10.8 | L14: {=ROUND(_xlfn.IFS(Table1[[#This Row],[SubType]]="Monthly",(MAX(MIN(Table1[[#This Row],[MonthsPaid]],12)-1,0)*Table1[[#This Row],[Monthly]]*0.9)+(MAX(Table1[[#This Row],[MonthsPaid]]-12,0)*Table1[[#This Row],[Monthly]]),Table1[[#This Row],[SubType]]="6-Month",(MIN(Table1[[#This Row],[MonthsPaid]],12)*Table1[[#This Row],[Monthly]]*0.75*0.9)+(MAX(Table1[[#This Row],[MonthsPaid]]-12,0)*Table1[[#This Row],[Monthly]]*0.75),Table1[[#This Row],[SubType]]="12-Month",(MIN(Table1[[#This Row],[MonthsPaid]],12)*Table1[[#This Row],[Monthly]]*(2/3)*0.9)+(MAX(Table1[[#This Row],[MonthsPaid]]-12,0)*Table1[[#This Row],[Monthly]]*(2/3))),2)} -> 129.6 | M14: {=_xlfn.IFS(Table1[[#This Row],[Age]]>70,"Elderly",Table1[[#This Row],[Age]]>59,"Senior",Table1[[#This Row],[Age]]>49,"Mature Adult",Table1[[#This Row],[Age]]>25,"Adult",Table1[[#This Row],[Age]]>=18,"Young Adult")} -> Senior | N14: England | O14: Email Campaign | P14: Switched Service | Q14: {=_xlfn.IFS(Table1[[#This Row],[TotalRevenue]]<100,"Low",Table1[[#This Row],[TotalRevenue]]<300,"Medium",Table1[[#This Row],[TotalRevenue]]<600,"High",TRUE,"Very High")} -> Medium | R14: {=_xlfn.IFS(Table1[[#This Row],[Age]]>69,"Elderly",Table1[[#This Row],[Age]]>59,"Mature Adult",Table1[[#This Row],[Age]]>25,"Adult",Table1[[#This Row],[Age]]>18,"Young Adult",Table1[[#This Row],[Age]]>=12,"Teenager")} -> Mature Adult | S14: =IF(Table1[[#This Row],[NextBillingDate]]="","Cancelled",IF(Table1[[#This Row],[CancellationDate]]<>"","Cancelled","Active")) -> Cancelled | T14: {=IF(Table1[[#This Row],[ChurnStatus]]="Cancelled",Table1[[#This Row],[TotalRevenue]],Table1[[#This Row],[TotalRevenue]] + Table1[[#This Row],[Discounted]] * _xlfn.IFS(Table1[[#This Row],[SubType]]="Monthly",1,Table1[[#This Row],[SubType]]="6-Month",6-MOD(Table1[[#This Row],[MonthsPaid]],6),Table1[[#This Row],[SubType]]="12-Month",12-MOD(Table1[[#This Row],[MonthsPaid]],12)))} -> 129.6 | U14: 44937 | W14: 44937 | X14: 0 | Y14: =IF(Table1[[#This Row],[ChurnStatus]]="Cancelled",Table1[[#This Row],[CancellationDate]],TODAY()) -> 44937 | Z14: =IF(AND(Table1[[#This Row],[SubscriptionStart]] <= TODAY(), Table1[[#This Row],[EffectiveEndDate]] >= TODAY()),1,0) -> 0 | AA14: =IF(AND(Table1[[#This Row],[SubscriptionStart]]<=Settings!$A$2,Table1[[#This Row],[EffectiveEndDate]]>=Settings!$A$2),1,0) -> 0 | AB14: =IF(AND(Table1[[#This Row],[SubscriptionStart]]<=Settings!$B$2,Table1[[#This Row],[EffectiveEndDate]]>=Settings!$B$2),1,0) -> 1 | AC14: =IF(AND(Table1[[#This Row],[SubscriptionStart]]<=Settings!$C$2,Table1[[#This Row],[EffectiveEndDate]]>=Settings!$C$2),1,0) -> 1 | AD14: =IF(AND(Table1[[#This Row],[SubscriptionStart]]<=Settings!$D$2,Table1[[#This Row],[EffectiveEndDate]]>=Settings!$D$2),1,0) -> 0 | AE14: =IF(AND(Table1[[#This Row],[SubscriptionStart]]<=Settings!$E$2,Table1[[#This Row],[EffectiveEndDate]]>=Settings!$E$2),1,0) -> 0
A15: CUST0132 | B15: 56 | C15: Male | D15: 44579 | E15: 44609 | F15: =TODAY() - Table1[[#This Row],[SubscriptionStart]] -> 1402 | G15: 1 | H15: Monthly | I15: Premium | J15: {=_xlfn.IFS(Table1[[#This Row],[Tier]]="Basic",10,Table1[[#This Row],[Tier]]="Standard",18,Table1[[#This Row],[Tier]]="Premium",25)} -> 25 | K15: {=_xlfn.IFS(Table1[[#This Row],[SubType]]="Monthly",IF(Table1[[#This Row],[MonthsPaid]]<=12,Table1[[#This Row],[Monthly]]*0.9,Table1[[#This Row],[Monthly]]),Table1[[#This Row],[SubType]]="6-Month",IF(Table1[[#This Row],[MonthsPaid]]<=12,Table1[[#This Row],[Monthly]]*0.75*0.9,Table1[[#This Row],[Monthly]]*0.75),Table1[[#This Row],[SubType]]="12-Month",IF(Table1[[#This Row],[MonthsPaid]]<=12,Table1[[#This Row],[Monthly]]*(2/3)*0.9,Table1[[#This Row],[Monthly]]*(2/3)))} -> 22.5 | L15: {=ROUND(_xlfn.IFS(Table1[[#This Row],[SubType]]="Monthly",(MAX(MIN(Table1[[#This Row],[MonthsPaid]],12)-1,0)*Table1[[#This Row],[Monthly]]*0.9)+(MAX(Table1[[#This Row],[MonthsPaid]]-12,0)*Table1[[#This Row],[Monthly]]),Table1[[#This Row],[SubType]]="6-Month",(MIN(Table1[[#This Row],[MonthsPaid]],12)*Table1[[#This Row],[Monthly]]*0.75*0.9)+(MAX(Table1[[#This Row],[MonthsPaid]]-12,0)*Table1[[#This Row],[Monthly]]*0.75),Table1[[#This Row],[SubType]]="12-Month",(MIN(Table1[[#This Row],[MonthsPaid]],12)*Table1[[#This Row],[Monthly]]*(2/3)*0.9)+(MAX(Table1[[#This Row],[MonthsPaid]]-12,0)*Table1[[#This Row],[Monthly]]*(2/3))),2)} -> 0 | M15: {=_xlfn.IFS(Table1[[#This Row],[Age]]>70,"Elderly",Table1[[#This Row],[Age]]>59,"Senior",Table1[[#This Row],[Age]]>49,"Mature Adult",Table1[[#This Row],[Age]]>25,"Adult",Table1[[#This Row],[Age]]>=18,"Young Adult")} -> Mature Adult | N15: Northern Ireland | O15: None | P15: Other | Q15: {=_xlfn.IFS(Table1[[#This Row],[TotalRevenue]]<100,"Low",Table1[[#This Row],[TotalRevenue]]<300,"Medium",Table1[[#This Row],[TotalRevenue]]<600,"High",TRUE,"Very High")} -> Low | R15: {=_xlfn.IFS(Table1[[#This Row],[Age]]>69,"Elderly",Table1[[#This Row],[Age]]>59,"Mature Adult",Table1[[#This Row],[Age]]>25,"Adult",Table1[[#This Row],[Age]]>18,"Young Adult",Table1[[#This Row],[Age]]>=12,"Teenager")} -> Adult | S15: =IF(Table1[[#This Row],[NextBillingDate]]="","Cancelled",IF(Table1[[#This Row],[CancellationDate]]<>"","Cancelled","Active")) -> Cancelled | T15: {=IF(Table1[[#This Row],[ChurnStatus]]="Cancelled",Table1[[#This Row],[TotalRevenue]],Table1[[#This Row],[TotalRevenue]] + Table1[[#This Row],[Discounted]] * _xlfn.IFS(Table1[[#This Row],[SubType]]="Monthly",1,Table1[[#This Row],[SubType]]="6-Month",6-MOD(Table1[[#This Row],[MonthsPaid]],6),Table1[[#This Row],[SubType]]="12-Month",12-MOD(Table1[[#This Row],[MonthsPaid]],12)))} -> 0 | U15: 44609 | W15: 44609 | X15: 0 | Y15: =IF(Table1[[#This Row],[ChurnStatus]]="Cancelled",Table1[[#This Row],[CancellationDate]],TODAY()) -> 44609 | Z15: =IF(AND(Table1[[#This Row],[SubscriptionStart]] <= TODAY(), Table1[[#This Row],[EffectiveEndDate]] >= TODAY()),1,0) -> 0 | AA15: =IF(AND(Table1[[#This Row],[SubscriptionStart]]<=Settings!$A$2,Table1[[#This Row],[EffectiveEndDate]]>=Settings!$A$2),1,0) -> 0 | AB15: =IF(AND(Table1[[#This Row],[SubscriptionStart]]<=Settings!$B$2,Table1[[#This Row],[EffectiveEndDate]]>=Settings!$B$2),1,0) -> 0 | AC15: =IF(AND(Table1[[#This Row],[SubscriptionStart]]<=Settings!$C$2,Table1[[#This Row],[EffectiveEndDate]]>=Settings!$C$2),1,0) -> 0 | AD15: =IF(AND(Table1[[#This Row],[SubscriptionStart]]<=Settings!$D$2,Table1[[#This Row],[EffectiveEndDate]]>=Settings!$D$2),1,0) -> 0 | AE15: =IF(AND(Table1[[#This Row],[SubscriptionStart]]<=Settings!$E$2,Table1[[#This Row],[EffectiveEndDate]]>=Settings!$E$2),1,0) -> 0
A16: CUST0367 | B16: 72 | C16: Female | D16: 44579 | E16: 44759 | F16: =TODAY() - Table1[[#This Row],[SubscriptionStart]] -> 1402 | G16: 6 | H16: 6-Month | I16: Standard | J16: {=_xlfn.IFS(Table1[[#This Row],[Tier]]="Basic",10,Table1[[#This Row],[Tier]]="Standard",18,Table1[[#This Row],[Tier]]="Premium",25)} -> 18 | K16: {=_xlfn.IFS(Table1[[#This Row],[SubType]]="Monthly",IF(Table1[[#This Row],[MonthsPaid]]<=12,Table1[[#This Row],[Monthly]]*0.9,Table1[[#This Row],[Monthly]]),Table1[[#This Row],[SubType]]="6-Month",IF(Table1[[#This Row],[MonthsPaid]]<=12,Table1[[#This Row],[Monthly]]*0.75*0.9,Table1[[#This Row],[Monthly]]*0.75),Table1[[#This Row],[SubType]]="12-Month",IF(Table1[[#This Row],[MonthsPaid]]<=12,Table1[[#This Row],[Monthly]]*(2/3)*0.9,Table1[[#This Row],[Monthly]]*(2/3)))} -> 12.15 | L16: {=ROUND(_xlfn.IFS(Table1[[#This Row],[SubType]]="Monthly",(MAX(MIN(Table1[[#This Row],[MonthsPaid]],12)-1,0)*Table1[[#This Row],[Monthly]]*0.9)+(MAX(Table1[[#This Row],[MonthsPaid]]-12,0)*Table1[[#This Row],[Monthly]]),Table1[[#This Row],[SubType]]="6-Month",(MIN(Table1[[#This Row],[MonthsPaid]],12)*Table1[[#This Row],[Monthly]]*0.75*0.9)+(MAX(Table1[[#This Row],[MonthsPaid]]-12,0)*Table1[[#This Row],[Monthly]]*0.75),Table1[[#This Row],[SubType]]="12-Month",(MIN(Table1[[#This Row],[MonthsPaid]],12)*Table1[[#This Row],[Monthly]]*(2/3)*0.9)+(MAX(Table1[[#This Row],[MonthsPaid]]-12,0)*Table1[[#This Row],[Monthly]]*(2/3))),2)} -> 72.9 | M16: {=_xlfn.IFS(Table1[[#This Row],[Age]]>70,"Elderly",Table1[[#This Row],[Age]]>59,"Senior",Table1[[#This Row],[Age]]>49,"Mature Adult",Table1[[#This Row],[Age]]>25,"Adult",Table1[[#This Row],[Age]]>=18,"Young Adult")} -> Elderly | N16: England | O16: Search Engine | P16: Too Expensive | Q16: {=_xlfn.IFS(Table1[[#This Row],[TotalRevenue]]<100,"Low",Table1[[#This Row],[TotalRevenue]]<300,"Medium",Table1[[#This Row],[TotalRevenue]]<600,"High",TRUE,"Very High")} -> Low | R16: {=_xlfn.IFS(Table1[[#This Row],[Age]]>69,"Elderly",Table1[[#This Row],[Age]]>59,"Mature Adult",Table1[[#This Row],[Age]]>25,"Adult",Table1[[#This Row],[Age]]>18,"Young Adult",Table1[[#This Row],[Age]]>=12,"Teenager")} -> Elderly | S16: =IF(Table1[[#This Row],[NextBillingDate]]="","Cancelled",IF(Table1[[#This Row],[CancellationDate]]<>"","Cancelled","Active")) -> Cancelled | T16: {=IF(Table1[[#This Row],[ChurnStatus]]="Cancelled",Table1[[#This Row],[TotalRevenue]],Table1[[#This Row],[TotalRevenue]] + Table1[[#This Row],[Discounted]] * _xlfn.IFS(Table1[[#This Row],[SubType]]="Monthly",1,Table1[[#This Row],[SubType]]="6-Month",6-MOD(Table1[[#This Row],[MonthsPaid]],6),Table1[[#This Row],[SubType]]="12-Month",12-MOD(Table1[[#This Row],[MonthsPaid]],12)))} -> 72.9 | U16: 44759 | W16: 44759 | X16: 0 | Y16: =IF(Table1[[#This Row],[ChurnStatus]]="Cancelled",Table1[[#This Row],[CancellationDate]],TODAY()) -> 44759 | Z16: =IF(AND(Table1[[#This Row],[SubscriptionStart]] <= TODAY(), Table1[[#This Row],[EffectiveEndDate]] >= TODAY()),1,0) -> 0 | AA16: =IF(AND(Table1[[#This Row],[SubscriptionStart]]<=Settings!$A$2,Table1[[#This Row],[EffectiveEndDate]]>=Settings!$A$2),1,0) -> 0 | AB16: =IF(AND(Table1[[#This Row],[SubscriptionStart]]<=Settings!$B$2,Table1[[#This Row],[EffectiveEndDate]]>=Settings!$B$2),1,0) -> 1 | AC16: =IF(AND(Table1[[#This Row],[SubscriptionStart]]<=Settings!$C$2,Table1[[#This Row],[EffectiveEndDate]]>=Settings!$C$2),1,0) -> 0 | AD16: =IF(AND(Table1[[#This Row],[SubscriptionStart]]<=Settings!$D$2,Table1[[#This Row],[EffectiveEndDate]]>=Settings!$D$2),1,0) -> 0 | AE16: =IF(AND(Table1[[#This Row],[SubscriptionStart]]<=Settings!$E$2,Table1[[#This Row],[EffectiveEndDate]]>=Settings!$E$2),1,0) -> 0
A17: CUST0300 | B17: 44 | C17: Male | D17: 44580 | E17: 44610 | F17: =TODAY() - Table1[[#This Row],[SubscriptionStart]] -> 1401 | G17: 1 | H17: Monthly | I17: Standard | J17: {=_xlfn.IFS(Table1[[#This Row],[Tier]]="Basic",10,Table1[[#This Row],[Tier]]="Standard",18,Table1[[#This Row],[Tier]]="Premium",25)} -> 18 | K17: {=_xlfn.IFS(Table1[[#This Row],[SubType]]="Monthly",IF(Table1[[#This Row],[MonthsPaid]]<=12,Table1[[#This Row],[Monthly]]*0.9,Table1[[#This Row],[Monthly]]),Table1[[#This Row],[SubType]]="6-Month",IF(Table1[[#This Row],[MonthsPaid]]<=12,Table1[[#This Row],[Monthly]]*0.75*0.9,Table1[[#This Row],[Monthly]]*0.75),Table1[[#This Row],[SubType]]="12-Month",IF(Table1[[#This Row],[MonthsPaid]]<=12,Table1[[#This Row],[Monthly]]*(2/3)*0.9,Table1[[#This Row],[Monthly]]*(2/3)))} -> 16.2 | L17: {=ROUND(_xlfn.IFS(Table1[[#This Row],[SubType]]="Monthly",(MAX(MIN(Table1[[#This Row],[MonthsPaid]],12)-1,0)*Table1[[#This Row],[Monthly]]*0.9)+(MAX(Table1[[#This Row],[MonthsPaid]]-12,0)*Table1[[#This Row],[Monthly]]),Table1[[#This Row],[SubType]]="6-Month",(MIN(Table1[[#This Row],[MonthsPaid]],12)*Table1[[#This Row],[Monthly]]*0.75*0.9)+(MAX(Table1[[#This Row],[MonthsPaid]]-12,0)*Table1[[#This Row],[Monthly]]*0.75),Table1[[#This Row],[SubType]]="12-Month",(MIN(Table1[[#This Row],[MonthsPaid]],12)*Table1[[#This Row],[Monthly]]*(2/3)*0.9)+(MAX(Table1[[#This Row],[MonthsPaid]]-12,0)*Table1[[#This Row],[Monthly]]*(2/3))),2)} -> 0 | M17: {=_xlfn.IFS(Table1[[#This Row],[Age]]>70,"Elderly",Table1[[#This Row],[Age]]>59,"Senior",Table1[[#This Row],[Age]]>49,"Mature Adult",Table1[[#This Row],[Age]]>25,"Adult",Table1[[#This Row],[Age]]>=18,"Young Adult")} -> Adult | N17: Wales | O17: Email Campaign | P17: Switched Service | Q17: {=_xlfn.IFS(Table1[[#This Row],[TotalRevenue]]<100,"Low",Table1[[#This Row],[TotalRevenue]]<300,"Medium",Table1[[#This Row],[TotalRevenue]]<600,"High",TRUE,"Very High")} -> Low | R17: {=_xlfn.IFS(Table1[[#This Row],[Age]]>69,"Elderly",Table1[[#This Row],[Age]]>59,"Mature Adult",Table1[[#This Row],[Age]]>25,"Adult",Table1[[#This Row],[Age]]>18,"Young Adult",Table1[[#This Row],[Age]]>=12,"Teenager")} -> Adult | S17: =IF(Table1[[#This Row],[NextBillingDate]]="","Cancelled",IF(Table1[[#This Row],[CancellationDate]]<>"","Cancelled","Active")) -> Cancelled | T17: {=IF(Table1[[#This Row],[ChurnStatus]]="Cancelled",Table1[[#This Row],[TotalRevenue]],Table1[[#This Row],[TotalRevenue]] + Table1[[#This Row],[Discounted]] * _xlfn.IFS(Table1[[#This Row],[SubType]]="Monthly",1,Table1[[#This Row],[SubType]]="6-Month",6-MOD(Table1[[#This Row],[MonthsPaid]],6),Table1[[#This Row],[SubType]]="12-Month",12-MOD(Table1[[#This Row],[MonthsPaid]],12)))} -> 0 | U17: 44610 | W17: 44610 | X17: 0 | Y17: =IF(Table1[[#This Row],[ChurnStatus]]="Cancelled",Table1[[#This Row],[CancellationDate]],TODAY()) -> 44610 | Z17: =IF(AND(Table1[[#This Row],[SubscriptionStart]] <= TODAY(), Table1[[#This Row],[EffectiveEndDate]] >= TODAY()),1,0) -> 0 | AA17: =IF(AND(Table1[[#This Row],[SubscriptionStart]]<=Settings!$A$2,Table1[[#This Row],[EffectiveEndDate]]>=Settings!$A$2),1,0) -> 0 | AB17: =IF(AND(Table1[[#This Row],[SubscriptionStart]]<=Settings!$B$2,Table1[[#This Row],[EffectiveEndDate]]>=Settings!$B$2),1,0) -> 0 | AC17: =IF(AND(Table1[[#This Row],[SubscriptionStart]]<=Settings!$C$2,Table1[[#This Row],[EffectiveEndDate]]>=Settings!$C$2),1,0) -> 0 | AD17: =IF(AND(Table1[[#This Row],[SubscriptionStart]]<=Settings!$D$2,Table1[[#This Row],[EffectiveEndDate]]>=Settings!$D$2),1,0) -> 0 | AE17: =IF(AND(Table1[[#This Row],[SubscriptionStart]]<=Settings!$E$2,Table1[[#This Row],[EffectiveEndDate]]>=Settings!$E$2),1,0) -> 0
A18: CUST0290 | B18: 42 | C18: Female | D18: 44580 | E18: 44940 | F18: =TODAY() - Table1[[#This Row],[SubscriptionStart]] -> 1401 | G18: 12 | H18: 12-Month | I18: Premium | J18: {=_xlfn.IFS(Table1[[#This Row],[Tier]]="Basic",10,Table1[[#This Row],[Tier]]="Standard",18,Table1[[#This Row],[Tier]]="Premium",25)} -> 25 | K18: {=_xlfn.IFS(Table1[[#This Row],[SubType]]="Monthly",IF(Table1[[#This Row],[MonthsPaid]]<=12,Table1[[#This Row],[Monthly]]*0.9,Table1[[#This Row],[Monthly]]),Table1[[#This Row],[SubType]]="6-Month",IF(Table1[[#This Row],[MonthsPaid]]<=12,Table1[[#This Row],[Monthly]]*0.75*0.9,Table1[[#This Row],[Monthly]]*0.75),Table1[[#This Row],[SubType]]="12-Month",IF(Table1[[#This Row],[MonthsPaid]]<=12,Table1[[#This Row],[Monthly]]*(2/3)*0.9,Table1[[#This Row],[Monthly]]*(2/3)))} -> 15 | L18: {=ROUND(_xlfn.IFS(Table1[[#This Row],[SubType]]="Monthly",(MAX(MIN(Table1[[#This Row],[MonthsPaid]],12)-1,0)*Table1[[#This Row],[Monthly]]*0.9)+(MAX(Table1[[#This Row],[MonthsPaid]]-12,0)*Table1[[#This Row],[Monthly]]),Table1[[#This Row],[SubType]]="6-Month",(MIN(Table1[[#This Row],[MonthsPaid]],12)*Table1[[#This Row],[Monthly]]*0.75*0.9)+(MAX(Table1[[#This Row],[MonthsPaid]]-12,0)*Table1[[#This Row],[Monthly]]*0.75),Table1[[#This Row],[SubType]]="12-Month",(MIN(Table1[[#This Row],[MonthsPaid]],12)*Table1[[#This Row],[Monthly]]*(2/3)*0.9)+(MAX(Table1[[#This Row],[MonthsPaid]]-12,0)*Table1[[#This Row],[Monthly]]*(2/3))),2)} -> 180 | M18: {=_xlfn.IFS(Table1[[#This Row],[Age]]>70,"Elderly",Table1[[#This Row],[Age]]>59,"Senior",Table1[[#This Row],[Age]]>49,"Mature Adult",Table1[[#This Row],[Age]]>25,"Adult",Table1[[#This Row],[Age]]>=18,"Young Adult")} -> Adult | N18: England | O18: Social Media | P18: Other | Q18: {=_xlfn.IFS(Table1[[#This Row],[TotalRevenue]]<100,"Low",Table1[[#This Row],[TotalRevenue]]<300,"Medium",Table1[[#This Row],[TotalRevenue]]<600,"High",TRUE,"Very High")} -> Medium | R18: {=_xlfn.IFS(Table1[[#This Row],[Age]]>69,"Elderly",Table1[[#This Row],[Age]]>59,"Mature Adult",Table1[[#This Row],[Age]]>25,"Adult",Table1[[#This Row],[Age]]>18,"Young Adult",Table1[[#This Row],[Age]]>=12,"Teenager")} -> Adult | S18: =IF(Table1[[#This Row],[NextBillingDate]]="","Cancelled",IF(Table1[[#This Row],[CancellationDate]]<>"","Cancelled","Active")) -> Cancelled | T18: {=IF(Table1[[#This Row],[ChurnStatus]]="Cancelled",Table1[[#This Row],[TotalRevenue]],Table1[[#This Row],[TotalRevenue]] + Table1[[#This Row],[Discounted]] * _xlfn.IFS(Table1[[#This Row],[SubType]]="Monthly",1,Table1[[#This Row],[SubType]]="6-Month",6-MOD(Table1[[#This Row],[MonthsPaid]],6),Table1[[#This Row],[SubType]]="12-Month",12-MOD(Table1[[#This Row],[MonthsPaid]],12)))} -> 180 | U18: 44940 | W18: 44940 | X18: 0 | Y18: =IF(Table1[[#This Row],[ChurnStatus]]="Cancelled",Table1[[#This Row],[CancellationDate]],TODAY()) -> 44940 | Z18: =IF(AND(Table1[[#This Row],[SubscriptionStart]] <= TODAY(), Table1[[#This Row],[EffectiveEndDate]] >= TODAY()),1,0) -> 0 | AA18: =IF(AND(Table1[[#This Row],[SubscriptionStart]]<=Settings!$A$2,Table1[[#This Row],[EffectiveEndDate]]>=Settings!$A$2),1,0) -> 0 | AB18: =IF(AND(Table1[[#This Row],[SubscriptionStart]]<=Settings!$B$2,Table1[[#This Row],[EffectiveEndDate]]>=Settings!$B$2),1,0) -> 1 | AC18: =IF(AND(Table1[[#This Row],[SubscriptionStart]]<=Settings!$C$2,Table1[[#This Row],[EffectiveEndDate]]>=Settings!$C$2),1,0) -> 1 | AD18: =IF(AND(Table1[[#This Row],[SubscriptionStart]]<=Settings!$D$2,Table1[[#This Row],[EffectiveEndDate]]>=Settings!$D$2),1,0) -> 0 | AE18: =IF(AND(Table1[[#This Row],[SubscriptionStart]]<=Settings!$E$2,Table1[[#This Row],[EffectiveEndDate]]>=Settings!$E$2),1,0) -> 0
A19: CUST0639 | B19: 73 | C19: Female | D19: 44581 | E19: 44761 | F19: =TODAY() - Table1[[#This Row],[SubscriptionStart]] -> 1400 | G19: 6 | H19: 6-Month | I19: Standard | J19: {=_xlfn.IFS(Table1[[#This Row],[Tier]]="Basic",10,Table1[[#This Row],[Tier]]="Standard",18,Table1[[#This Row],[Tier]]="Premium",25)} -> 18 | K19: {=_xlfn.IFS(Table1[[#This Row],[SubType]]="Monthly",IF(Table1[[#This Row],[MonthsPaid]]<=12,Table1[[#This Row],[Monthly]]*0.9,Table1[[#This Row],[Monthly]]),Table1[[#This Row],[SubType]]="6-Month",IF(Table1[[#This Row],[MonthsPaid]]<=12,Table1[[#This Row],[Monthly]]*0.75*0.9,Table1[[#This Row],[Monthly]]*0.75),Table1[[#This Row],[SubType]]="12-Month",IF(Table1[[#This Row],[MonthsPaid]]<=12,Table1[[#This Row],[Monthly]]*(2/3)*0.9,Table1[[#This Row],[Monthly]]*(2/3)))} -> 12.15 | L19: {=ROUND(_xlfn.IFS(Table1[[#This Row],[SubType]]="Monthly",(MAX(MIN(Table1[[#This Row],[MonthsPaid]],12)-1,0)*Table1[[#This Row],[Monthly]]*0.9)+(MAX(Table1[[#This Row],[MonthsPaid]]-12,0)*Table1[[#This Row],[Monthly]]),Table1[[#This Row],[SubType]]="6-Month",(MIN(Table1[[#This Row],[MonthsPaid]],12)*Table1[[#This Row],[Monthly]]*0.75*0.9)+(MAX(Table1[[#This Row],[MonthsPaid]]-12,0)*Table1[[#This Row],[Monthly]]*0.75),Table1[[#This Row],[SubType]]="12-Month",(MIN(Table1[[#This Row],[MonthsPaid]],12)*Table1[[#This Row],[Monthly]]*(2/3)*0.9)+(MAX(Table1[[#This Row],[MonthsPaid]]-12,0)*Table1[[#This Row],[Monthly]]*(2/3))),2)} -> 72.9 | M19: {=_xlfn.IFS(Table1[[#This Row],[Age]]>70,"Elderly",Table1[[#This Row],[Age]]>59,"Senior",Table1[[#This Row],[Age]]>49,"Mature Adult",Table1[[#This Row],[Age]]>25,"Adult",Table1[[#This Row],[Age]]>=18,"Young Adult")} -> Elderly | N19: England | O19: Social Media | P19: Too Expensive | Q19: {=_xlfn.IFS(Table1[[#This Row],[TotalRevenue]]<100,"Low",Table1[[#This Row],[TotalRevenue]]<300,"Medium",Table1[[#This Row],[TotalRevenue]]<600,"High",TRUE,"Very High")} -> Low | R19: {=_xlfn.IFS(Table1[[#This Row],[Age]]>69,"Elderly",Table1[[#This Row],[Age]]>59,"Mature Adult",Table1[[#This Row],[Age]]>25,"Adult",Table1[[#This Row],[Age]]>18,"Young Adult",Table1[[#This Row],[Age]]>=12,"Teenager")} -> Elderly | S19: =IF(Table1[[#This Row],[NextBillingDate]]="","Cancelled",IF(Table1[[#This Row],[CancellationDate]]<>"","Cancelled","Active")) -> Cancelled | T19: {=IF(Table1[[#This Row],[ChurnStatus]]="Cancelled",Table1[[#This Row],[TotalRevenue]],Table1[[#This Row],[TotalRevenue]] + Table1[[#This Row],[Discounted]] * _xlfn.IFS(Table1[[#This Row],[SubType]]="Monthly",1,Table1[[#This Row],[SubType]]="6-Month",6-MOD(Table1[[#This Row],[MonthsPaid]],6),Table1[[#This Row],[SubType]]="12-Month",12-MOD(Table1[[#This Row],[MonthsPaid]],12)))} -> 72.9 | U19: 44761 | W19: 44761 | X19: 0 | Y19: =IF(Table1[[#This Row],[ChurnStatus]]="Cancelled",Table1[[#This Row],[CancellationDate]],TODAY()) -> 44761 | Z19: =IF(AND(Table1[[#This Row],[SubscriptionStart]] <= TODAY(), Table1[[#This Row],[EffectiveEndDate]] >= TODAY()),1,0) -> 0 | AA19: =IF(AND(Table1[[#This Row],[SubscriptionStart]]<=Settings!$A$2,Table1[[#This Row],[EffectiveEndDate]]>=Settings!$A$2),1,0) -> 0 | AB19: =IF(AND(Table1[[#This Row],[SubscriptionStart]]<=Settings!$B$2,Table1[[#This Row],[EffectiveEndDate]]>=Settings!$B$2),1,0) -> 1 | AC19: =IF(AND(Table1[[#This Row],[SubscriptionStart]]<=Settings!$C$2,Table1[[#This Row],[EffectiveEndDate]]>=Settings!$C$2),1,0) -> 0 | AD19: =IF(AND(Table1[[#This Row],[SubscriptionStart]]<=Settings!$D$2,Table1[[#This Row],[EffectiveEndDate]]>=Settings!$D$2),1,0) -> 0 | AE19: =IF(AND(Table1[[#This Row],[SubscriptionStart]]<=Settings!$E$2,Table1[[#This Row],[EffectiveEndDate]]>=Settings!$E$2),1,0) -> 0
A20: CUST0204 | B20: 53 | C20: Female | D20: 44583 | E20: 44943 | F20: =TODAY() - Table1[[#This Row],[SubscriptionStart]] -> 1398 | G20: 12 | H20: 12-Month | I20: Basic | J20: {=_xlfn.IFS(Table1[[#This Row],[Tier]]="Basic",10,Table1[[#This Row],[Tier]]="Standard",18,Table1[[#This Row],[Tier]]="Premium",25)} -> 10 | K20: {=_xlfn.IFS(Table1[[#This Row],[SubType]]="Monthly",IF(Table1[[#This Row],[MonthsPaid]]<=12,Table1[[#This Row],[Monthly]]*0.9,Table1[[#This Row],[Monthly]]),Table1[[#This Row],[SubType]]="6-Month",IF(Table1[[#This Row],[MonthsPaid]]<=12,Table1[[#This Row],[Monthly]]*0.75*0.9,Table1[[#This Row],[Monthly]]*0.75),Table1[[#This Row],[SubType]]="12-Month",IF(Table1[[#This Row],[MonthsPaid]]<=12,Table1[[#This Row],[Monthly]]*(2/3)*0.9,Table1[[#This Row],[Monthly]]*(2/3)))} -> 6 | L20: {=ROUND(_xlfn.IFS(Table1[[#This Row],[SubType]]="Monthly",(MAX(MIN(Table1[[#This Row],[MonthsPaid]],12)-1,0)*Table1[[#This Row],[Monthly]]*0.9)+(MAX(Table1[[#This Row],[MonthsPaid]]-12,0)*Table1[[#This Row],[Monthly]]),Table1[[#This Row],[SubType]]="6-Month",(MIN(Table1[[#This Row],[MonthsPaid]],12)*Table1[[#This Row],[Monthly]]*0.75*0.9)+(MAX(Table1[[#This Row],[MonthsPaid]]-12,0)*Table1[[#This Row],[Monthly]]*0.75),Table1[[#This Row],[SubType]]="12-Month",(MIN(Table1[[#This Row],[MonthsPaid]],12)*Table1[[#This Row],[Monthly]]*(2/3)*0.9)+(MAX(Table1[[#This Row],[MonthsPaid]]-12,0)*Table1[[#This Row],[Monthly]]*(2/3))),2)} -> 72 | M20: {=_xlfn.IFS(Table1[[#This Row],[Age]]>70,"Elderly",Table1[[#This Row],[Age]]>59,"Senior",Table1[[#This Row],[Age]]>49,"Mature Adult",Table1[[#This Row],[Age]]>25,"Adult",Table1[[#This Row],[Age]]>=18,"Young Adult")} -> Mature Adult | N20: Scotland | O20: Email Campaign | P20: Too Expensive | Q20: {=_xlfn.IFS(Table1[[#This Row],[TotalRevenue]]<100,"Low",Table1[[#This Row],[TotalRevenue]]<300,"Medium",Table1[[#This Row],[TotalRevenue]]<600,"High",TRUE,"Very High")} -> Low | R20: {=_xlfn.IFS(Table1[[#This Row],[Age]]>69,"Elderly",Table1[[#This Row],[Age]]>59,"Mature Adult",Table1[[#This Row],[Age]]>25,"Adult",Table1[[#This Row],[Age]]>18,"Young Adult",Table1[[#This Row],[Age]]>=12,"Teenager")} -> Adult | S20: =IF(Table1[[#This Row],[NextBillingDate]]="","Cancelled",IF(Table1[[#This Row],[CancellationDate]]<>"","Cancelled","Active")) -> Cancelled | T20: {=IF(Table1[[#This Row],[ChurnStatus]]="Cancelled",Table1[[#This Row],[TotalRevenue]],Table1[[#This Row],[TotalRevenue]] + Table1[[#This Row],[Discounted]] * _xlfn.IFS(Table1[[#This Row],[SubType]]="Monthly",1,Table1[[#This Row],[SubType]]="6-Month",6-MOD(Table1[[#This Row],[MonthsPaid]],6),Table1[[#This Row],[SubType]]="12-Month",12-MOD(Table1[[#This Row],[MonthsPaid]],12)))} -> 72 | U20: 44943 | W20: 44943 | X20: 0 | Y20: =IF(Table1[[#This Row],[ChurnStatus]]="Cancelled",Table1[[#This Row],[CancellationDate]],TODAY()) -> 44943 | Z20: =IF(AND(Table1[[#This Row],[SubscriptionStart]] <= TODAY(), Table1[[#This Row],[EffectiveEndDate]] >= TODAY()),1,0) -> 0 | AA20: =IF(AND(Table1[[#This Row],[SubscriptionStart]]<=Settings!$A$2,Table1[[#This Row],[EffectiveEndDate]]>=Settings!$A$2),1,0) -> 0 | AB20: =IF(AND(Table1[[#This Row],[SubscriptionStart]]<=Settings!$B$2,Table1[[#This Row],[EffectiveEndDate]]>=Settings!$B$2),1,0) -> 1 | AC20: =IF(AND(Table1[[#This Row],[SubscriptionStart]]<=Settings!$C$2,Table1[[#This Row],[EffectiveEndDate]]>=Settings!$C$2),1,0) -> 1 | AD20: =IF(AND(Table1[[#This Row],[SubscriptionStart]]<=Settings!$D$2,Table1[[#This Row],[EffectiveEndDate]]>=Settings!$D$2),1,0) -> 0 | AE20: =IF(AND(Table1[[#This Row],[SubscriptionStart]]<=Settings!$E$2,Table1[[#This Row],[EffectiveEndDate]]>=Settings!$E$2),1,0) -> 0
A21: CUST0650 | B21: 23 | C21: Female | D21: 44583 | E21: 44943 | F21: =TODAY() - Table1[[#This Row],[SubscriptionStart]] -> 1398 | G21: 12 | H21: 12-Month | I21: Basic | J21: {=_xlfn.IFS(Table1[[#This Row],[Tier]]="Basic",10,Table1[[#This Row],[Tier]]="Standard",18,Table1[[#This Row],[Tier]]="Premium",25)} -> 10 | K21: {=_xlfn.IFS(Table1[[#This Row],[SubType]]="Monthly",IF(Table1[[#This Row],[MonthsPaid]]<=12,Table1[[#This Row],[Monthly]]*0.9,Table1[[#This Row],[Monthly]]),Table1[[#This Row],[SubType]]="6-Month",IF(Table1[[#This Row],[MonthsPaid]]<=12,Table1[[#This Row],[Monthly]]*0.75*0.9,Table1[[#This Row],[Monthly]]*0.75),Table1[[#This Row],[SubType]]="12-Month",IF(Table1[[#This Row],[MonthsPaid]]<=12,Table1[[#This Row],[Monthly]]*(2/3)*0.9,Table1[[#This Row],[Monthly]]*(2/3)))} -> 6 | L21: {=ROUND(_xlfn.IFS(Table1[[#This Row],[SubType]]="Monthly",(MAX(MIN(Table1[[#This Row],[MonthsPaid]],12)-1,0)*Table1[[#This Row],[Monthly]]*0.9)+(MAX(Table1[[#This Row],[MonthsPaid]]-12,0)*Table1[[#This Row],[Monthly]]),Table1[[#This Row],[SubType]]="6-Month",(MIN(Table1[[#This Row],[MonthsPaid]],12)*Table1[[#This Row],[Monthly]]*0.75*0.9)+(MAX(Table1[[#This Row],[MonthsPaid]]-12,0)*Table1[[#This Row],[Monthly]]*0.75),Table1[[#This Row],[SubType]]="12-Month",(MIN(Table1[[#This Row],[MonthsPaid]],12)*Table1[[#This Row],[Monthly]]*(2/3)*0.9)+(MAX(Table1[[#This Row],[MonthsPaid]]-12,0)*Table1[[#This Row],[Monthly]]*(2/3))),2)} -> 72 | M21: {=_xlfn.IFS(Table1[[#This Row],[Age]]>70,"Elderly",Table1[[#This Row],[Age]]>59,"Senior",Table1[[#This Row],[Age]]>49,"Mature Adult",Table1[[#This Row],[Age]]>25,"Adult",Table1[[#This Row],[Age]]>=18,"Young Adult")} -> Young Adult | N21: Wales | O21: Search Engine | P21: Poor Experience | Q21: {=_xlfn.IFS(Table1[[#This Row],[TotalRevenue]]<100,"Low",Table1[[#This Row],[TotalRevenue]]<300,"Medium",Table1[[#This Row],[TotalRevenue]]<600,"High",TRUE,"Very High")} -> Low | R21: {=_xlfn.IFS(Table1[[#This Row],[Age]]>69,"Elderly",Table1[[#This Row],[Age]]>59,"Mature Adult",Table1[[#This Row],[Age]]>25,"Adult",Table1[[#This Row],[Age]]>18,"Young Adult",Table1[[#This Row],[Age]]>=12,"Teenager")} -> Young Adult | S21: =IF(Table1[[#This Row],[NextBillingDate]]="","Cancelled",IF(Table1[[#This Row],[CancellationDate]]<>"","Cancelled","Active")) -> Cancelled | T21: {=IF(Table1[[#This Row],[ChurnStatus]]="Cancelled",Table1[[#This Row],[TotalRevenue]],Table1[[#This Row],[TotalRevenue]] + Table1[[#This Row],[Discounted]] * _xlfn.IFS(Table1[[#This Row],[SubType]]="Monthly",1,Table1[[#This Row],[SubType]]="6-Month",6-MOD(Table1[[#This Row],[MonthsPaid]],6),Table1[[#This Row],[SubType]]="12-Month",12-MOD(Table1[[#This Row],[MonthsPaid]],12)))} -> 72 | U21: 44943 | W21: 44943 | X21: 0 | Y21: =IF(Table1[[#This Row],[ChurnStatus]]="Cancelled",Table1[[#This Row],[CancellationDate]],TODAY()) -> 44943 | Z21: =IF(AND(Table1[[#This Row],[SubscriptionStart]] <= TODAY(), Table1[[#This Row],[EffectiveEndDate]] >= TODAY()),1,0) -> 0 | AA21: =IF(AND(Table1[[#This Row],[SubscriptionStart]]<=Settings!$A$2,Table1[[#This Row],[EffectiveEndDate]]>=Settings!$A$2),1,0) -> 0 | AB21: =IF(AND(Table1[[#This Row],[SubscriptionStart]]<=Settings!$B$2,Table1[[#This Row],[EffectiveEndDate]]>=Settings!$B$2),1,0) -> 1 | AC21: =IF(AND(Table1[[#This Row],[SubscriptionStart]]<=Settings!$C$2,Table1[[#This Row],[EffectiveEndDate]]>=Settings!$C$2),1,0) -> 1 | AD21: =IF(AND(Table1[[#This Row],[SubscriptionStart]]<=Settings!$D$2,Table1[[#This Row],[EffectiveEndDate]]>=Settings!$D$2),1,0) -> 0 | AE21: =IF(AND(Table1[[#This Row],[SubscriptionStart]]<=Settings!$E$2,Table1[[#This Row],[EffectiveEndDate]]>=Settings!$E$2),1,0) -> 0
A22: CUST0297 | B22: 57 | C22: Female | D22: 44585 | E22: 44945 | F22: =TODAY() - Table1[[#This Row],[SubscriptionStart]] -> 1396 | G22: 12 | H22: 12-Month | I22: Standard | J22: {=_xlfn.IFS(Table1[[#This Row],[Tier]]="Basic",10,Table1[[#This Row],[Tier]]="Standard",18,Table1[[#This Row],[Tier]]="Premium",25)} -> 18 | K22: {=_xlfn.IFS(Table1[[#This Row],[SubType]]="Monthly",IF(Table1[[#This Row],[MonthsPaid]]<=12,Table1[[#This Row],[Monthly]]*0.9,Table1[[#This Row],[Monthly]]),Table1[[#This Row],[SubType]]="6-Month",IF(Table1[[#This Row],[MonthsPaid]]<=12,Table1[[#This Row],[Monthly]]*0.75*0.9,Table1[[#This Row],[Monthly]]*0.75),Table1[[#This Row],[SubType]]="12-Month",IF(Table1[[#This Row],[MonthsPaid]]<=12,Table1[[#This Row],[Monthly]]*(2/3)*0.9,Table1[[#This Row],[Monthly]]*(2/3)))} -> 10.8 | L22: {=ROUND(_xlfn.IFS(Table1[[#This Row],[SubType]]="Monthly",(MAX(MIN(Table1[[#This Row],[MonthsPaid]],12)-1,0)*Table1[[#This Row],[Monthly]]*0.9)+(MAX(Table1[[#This Row],[MonthsPaid]]-12,0)*Table1[[#This Row],[Monthly]]),Table1[[#This Row],[SubType]]="6-Month",(MIN(Table1[[#This Row],[MonthsPaid]],12)*Table1[[#This Row],[Monthly]]*0.75*0.9)+(MAX(Table1[[#This Row],[MonthsPaid]]-12,0)*Table1[[#This Row],[Monthly]]*0.75),Table1[[#This Row],[SubType]]="12-Month",(MIN(Table1[[#This Row],[MonthsPaid]],12)*Table1[[#This Row],[Monthly]]*(2/3)*0.9)+(MAX(Table1[[#This Row],[MonthsPaid]]-12,0)*Table1[[#This Row],[Monthly]]*(2/3))),2)} -> 129.6 | M22: {=_xlfn.IFS(Table1[[#This Row],[Age]]>70,"Elderly",Table1[[#This Row],[Age]]>59,"Senior",Table1[[#This Row],[Age]]>49,"Mature Adult",Table1[[#This Row],[Age]]>25,"Adult",Table1[[#This Row],[Age]]>=18,"Young Adult")} -> Mature Adult | N22: Wales | O22: Email Campaign | P22: Poor Experience | Q22: {=_xlfn.IFS(Table1[[#This Row],[TotalRevenue]]<100,"Low",Table1[[#This Row],[TotalRevenue]]<300,"Medium",Table1[[#This Row],[TotalRevenue]]<600,"High",TRUE,"Very High")} -> Medium | R22: {=_xlfn.IFS(Table1[[#This Row],[Age]]>69,"Elderly",Table1[[#This Row],[Age]]>59,"Mature Adult",Table1[[#This Row],[Age]]>25,"Adult",Table1[[#This Row],[Age]]>18,"Young Adult",Table1[[#This Row],[Age]]>=12,"Teenager")} -> Adult | S22: =IF(Table1[[#This Row],[NextBillingDate]]="","Cancelled",IF(Table1[[#This Row],[CancellationDate]]<>"","Cancelled","Active")) -> Cancelled | T22: {=IF(Table1[[#This Row],[ChurnStatus]]="Cancelled",Table1[[#This Row],[TotalRevenue]],Table1[[#This Row],[TotalRevenue]] + Table1[[#This Row],[Discounted]] * _xlfn.IFS(Table1[[#This Row],[SubType]]="Monthly",1,Table1[[#This Row],[SubType]]="6-Month",6-MOD(Table1[[#This Row],[MonthsPaid]],6),Table1[[#This Row],[SubType]]="12-Month",12-MOD(Table1[[#This Row],[MonthsPaid]],12)))} -> 129.6 | U22: 44945 | W22: 44945 | X22: 0 | Y22: =IF(Table1[[#This Row],[ChurnStatus]]="Cancelled",Table1[[#This Row],[CancellationDate]],TODAY()) -> 44945 | Z22: =IF(AND(Table1[[#This Row],[SubscriptionStart]] <= TODAY(), Table1[[#This Row],[EffectiveEndDate]] >= TODAY()),1,0) -> 0 | AA22: =IF(AND(Table1[[#This Row],[SubscriptionStart]]<=Settings!$A$2,Table1[[#This Row],[EffectiveEndDate]]>=Settings!$A$2),1,0) -> 0 | AB22: =IF(AND(Table1[[#This Row],[SubscriptionStart]]<=Settings!$B$2,Table1[[#This Row],[EffectiveEndDate]]>=Settings!$B$2),1,0) -> 1 | AC22: =IF(AND(Table1[[#This Row],[SubscriptionStart]]<=Settings!$C$2,Table1[[#This Row],[EffectiveEndDate]]>=Settings!$C$2),1,0) -> 1 | AD22: =IF(AND(Table1[[#This Row],[SubscriptionStart]]<=Settings!$D$2,Table1[[#This Row],[EffectiveEndDate]]>=Settings!$D$2),1,0) -> 0 | AE22: =IF(AND(Table1[[#This Row],[SubscriptionStart]]<=Settings!$E$2,Table1[[#This Row],[EffectiveEndDate]]>=Settings!$E$2),1,0) -> 0
A23: CUST0031 | B23: 41 | C23: Female | D23: 44585 | F23: =TODAY() - Table1[[#This Row],[SubscriptionStart]] -> 1396 | G23: 48 | H23: 12-Month | I23: Basic | J23: {=_xlfn.IFS(Table1[[#This Row],[Tier]]="Basic",10,Table1[[#This Row],[Tier]]="Standard",18,Table1[[#This Row],[Tier]]="Premium",25)} -> 10 | K23: {=_xlfn.IFS(Table1[[#This Row],[SubType]]="Monthly",IF(Table1[[#This Row],[MonthsPaid]]<=12,Table1[[#This Row],[Monthly]]*0.9,Table1[[#This Row],[Monthly]]),Table1[[#This Row],[SubType]]="6-Month",IF(Table1[[#This Row],[MonthsPaid]]<=12,Table1[[#This Row],[Monthly]]*0.75*0.9,Table1[[#This Row],[Monthly]]*0.75),Table1[[#This Row],[SubType]]="12-Month",IF(Table1[[#This Row],[MonthsPaid]]<=12,Table1[[#This Row],[Monthly]]*(2/3)*0.9,Table1[[#This Row],[Monthly]]*(2/3)))} -> 6.6666667 | L23: {=ROUND(_xlfn.IFS(Table1[[#This Row],[SubType]]="Monthly",(MAX(MIN(Table1[[#This Row],[MonthsPaid]],12)-1,0)*Table1[[#This Row],[Monthly]]*0.9)+(MAX(Table1[[#This Row],[MonthsPaid]]-12,0)*Table1[[#This Row],[Monthly]]),Table1[[#This Row],[SubType]]="6-Month",(MIN(Table1[[#This Row],[MonthsPaid]],12)*Table1[[#This Row],[Monthly]]*0.75*0.9)+(MAX(Table1[[#This Row],[MonthsPaid]]-12,0)*Table1[[#This Row],[Monthly]]*0.75),Table1[[#This Row],[SubType]]="12-Month",(MIN(Table1[[#This Row],[MonthsPaid]],12)*Table1[[#This Row],[Monthly]]*(2/3)*0.9)+(MAX(Table1[[#This Row],[MonthsPaid]]-12,0)*Table1[[#This Row],[Monthly]]*(2/3))),2)} -> 312 | M23: {=_xlfn.IFS(Table1[[#This Row],[Age]]>70,"Elderly",Table1[[#This Row],[Age]]>59,"Senior",Table1[[#This Row],[Age]]>49,"Mature Adult",Table1[[#This Row],[Age]]>25,"Adult",Table1[[#This Row],[Age]]>=18,"Young Adult")} -> Adult | N23: Northern Ireland | O23: None | Q23: {=_xlfn.IFS(Table1[[#This Row],[TotalRevenue]]<100,"Low",Table1[[#This Row],[TotalRevenue]]<300,"Medium",Table1[[#This Row],[TotalRevenue]]<600,"High",TRUE,"Very High")} -> High | R23: {=_xlfn.IFS(Table1[[#This Row],[Age]]>69,"Elderly",Table1[[#This Row],[Age]]>59,"Mature Adult",Table1[[#This Row],[Age]]>25,"Adult",Table1[[#This Row],[Age]]>18,"Young Adult",Table1[[#This Row],[Age]]>=12,"Teenager")} -> Adult | S23: =IF(Table1[[#This Row],[NextBillingDate]]="","Cancelled",IF(Table1[[#This Row],[CancellationDate]]<>"","Cancelled","Active")) -> Active | T23: {=IF(Table1[[#This Row],[ChurnStatus]]="Cancelled",Table1[[#This Row],[TotalRevenue]],Table1[[#This Row],[TotalRevenue]] + Table1[[#This Row],[Discounted]] * _xlfn.IFS(Table1[[#This Row],[SubType]]="Monthly",1,Table1[[#This Row],[SubType]]="6-Month",6-MOD(Table1[[#This Row],[MonthsPaid]],6),Table1[[#This Row],[SubType]]="12-Month",12-MOD(Table1[[#This Row],[MonthsPaid]],12)))} -> 392 | V23: 46025 | W23: 46025 | X23: 3 | Y23: =IF(Table1[[#This Row],[ChurnStatus]]="Cancelled",Table1[[#This Row],[CancellationDate]],TODAY()) -> 45981 | Z23: =IF(AND(Table1[[#This Row],[SubscriptionStart]] <= TODAY(), Table1[[#This Row],[EffectiveEndDate]] >= TODAY()),1,0) -> 1 | AA23: =IF(AND(Table1[[#This Row],[SubscriptionStart]]<=Settings!$A$2,Table1[[#This Row],[EffectiveEndDate]]>=Settings!$A$2),1,0) -> 0 | AB23: =IF(AND(Table1[[#This Row],[SubscriptionStart]]<=Settings!$B$2,Table1[[#This Row],[EffectiveEndDate]]>=Settings!$B$2),1,0) -> 1 | AC23: =IF(AND(Table1[[#This Row],[SubscriptionStart]]<=Settings!$C$2,Table1[[#This Row],[EffectiveEndDate]]>=Settings!$C$2),1,0) -> 1 | AD23: =IF(AND(Table1[[#This Row],[SubscriptionStart]]<=Settings!$D$2,Table1[[#This Row],[EffectiveEndDate]]>=Settings!$D$2),1,0) -> 1 | AE23: =IF(AND(Table1[[#This Row],[SubscriptionStart]]<=Settings!$E$2,Table1[[#This Row],[EffectiveEndDate]]>=Settings!$E$2),1,0) -> 1
A24: CUST0262 | B24: 66 | C24: Female | D24: 44587 | E24: 44617 | F24: =TODAY() - Table1[[#This Row],[SubscriptionStart]] -> 1394 | G24: 1 | H24: Monthly | I24: Basic | J24: {=_xlfn.IFS(Table1[[#This Row],[Tier]]="Basic",10,Table1[[#This Row],[Tier]]="Standard",18,Table1[[#This Row],[Tier]]="Premium",25)} -> 10 | K24: {=_xlfn.IFS(Table1[[#This Row],[SubType]]="Monthly",IF(Table1[[#This Row],[MonthsPaid]]<=12,Table1[[#This Row],[Monthly]]*0.9,Table1[[#This Row],[Monthly]]),Table1[[#This Row],[SubType]]="6-Month",IF(Table1[[#This Row],[MonthsPaid]]<=12,Table1[[#This Row],[Monthly]]*0.75*0.9,Table1[[#This Row],[Monthly]]*0.75),Table1[[#This Row],[SubType]]="12-Month",IF(Table1[[#This Row],[MonthsPaid]]<=12,Table1[[#This Row],[Monthly]]*(2/3)*0.9,Table1[[#This Row],[Monthly]]*(2/3)))} -> 9 | L24: {=ROUND(_xlfn.IFS(Table1[[#This Row],[SubType]]="Monthly",(MAX(MIN(Table1[[#This Row],[MonthsPaid]],12)-1,0)*Table1[[#This Row],[Monthly]]*0.9)+(MAX(Table1[[#This Row],[MonthsPaid]]-12,0)*Table1[[#This Row],[Monthly]]),Table1[[#This Row],[SubType]]="6-Month",(MIN(Table1[[#This Row],[MonthsPaid]],12)*Table1[[#This Row],[Monthly]]*0.75*0.9)+(MAX(Table1[[#This Row],[MonthsPaid]]-12,0)*Table1[[#This Row],[Monthly]]*0.75),Table1[[#This Row],[SubType]]="12-Month",(MIN(Table1[[#This Row],[MonthsPaid]],12)*Table1[[#This Row],[Monthly]]*(2/3)*0.9)+(MAX(Table1[[#This Row],[MonthsPaid]]-12,0)*Table1[[#This Row],[Monthly]]*(2/3))),2)} -> 0 | M24: {=_xlfn.IFS(Table1[[#This Row],[Age]]>70,"Elderly",Table1[[#This Row],[Age]]>59,"Senior",Table1[[#This Row],[Age]]>49,"Mature Adult",Table1[[#This Row],[Age]]>25,"Adult",Table1[[#This Row],[Age]]>=18,"Young Adult")} -> Senior | N24: England | O24: None | P24: Switched Service | Q24: {=_xlfn.IFS(Table1[[#This Row],[TotalRevenue]]<100,"Low",Table1[[#This Row],[TotalRevenue]]<300,"Medium",Table1[[#This Row],[TotalRevenue]]<600,"High",TRUE,"Very High")} -> Low | R24: {=_xlfn.IFS(Table1[[#This Row],[Age]]>69,"Elderly",Table1[[#This Row],[Age]]>59,"Mature Adult",Table1[[#This Row],[Age]]>25,"Adult",Table1[[#This Row],[Age]]>18,"Young Adult",Table1[[#This Row],[Age]]>=12,"Teenager")} -> Mature Adult | S24: =IF(Table1[[#This Row],[NextBillingDate]]="","Cancelled",IF(Table1[[#This Row],[CancellationDate]]<>"","Cancelled","Active")) -> Cancelled | T24: {=IF(Table1[[#This Row],[ChurnStatus]]="Cancelled",Table1[[#This Row],[TotalRevenue]],Table1[[#This Row],[TotalRevenue]] + Table1[[#This Row],[Discounted]] * _xlfn.IFS(Table1[[#This Row],[SubType]]="Monthly",1,Table1[[#This Row],[SubType]]="6-Month",6-MOD(Table1[[#This Row],[MonthsPaid]],6),Table1[[#This Row],[SubType]]="12-Month",12-MOD(Table1[[#This Row],[MonthsPaid]],12)))} -> 0 | U24: 44617 | W24: 44617 | X24: 0 | Y24: =IF(Table1[[#This Row],[ChurnStatus]]="Cancelled",Table1[[#This Row],[CancellationDate]],TODAY()) -> 44617 | Z24: =IF(AND(Table1[[#This Row],[SubscriptionStart]] <= TODAY(), Table1[[#This Row],[EffectiveEndDate]] >= TODAY()),1,0) -> 0 | AA24: =IF(AND(Table1[[#This Row],[SubscriptionStart]]<=Settings!$A$2,Table1[[#This Row],[EffectiveEndDate]]>=Settings!$A$2),1,0) -> 0 | AB24: =IF(AND(Table1[[#This Row],[SubscriptionStart]]<=Settings!$B$2,Table1[[#This Row],[EffectiveEndDate]]>=Settings!$B$2),1,0) -> 0 | AC24: =IF(AND(Table1[[#This Row],[SubscriptionStart]]<=Settings!$C$2,Table1[[#This Row],[EffectiveEndDate]]>=Settings!$C$2),1,0) -> 0 | AD24: =IF(AND(Table1[[#This Row],[SubscriptionStart]]<=Settings!$D$2,Table1[[#This Row],[EffectiveEndDate]]>=Settings!$D$2),1,0) -> 0 | AE24: =IF(AND(Table1[[#This Row],[SubscriptionStart]]<=Settings!$E$2,Table1[[#This Row],[EffectiveEndDate]]>=Settings!$E$2),1,0) -> 0
A25: CUST0498 | B25: 58 | C25: Male | D25: 44589 | E25: 44949 | F25: =TODAY() - Table1[[#This Row],[SubscriptionStart]] -> 1392 | G25: 12 | H25: 12-Month | I25: Basic | J25: {=_xlfn.IFS(Table1[[#This Row],[Tier]]="Basic",10,Table1[[#This Row],[Tier]]="Standard",18,Table1[[#This Row],[Tier]]="Premium",25)} -> 10 | K25: {=_xlfn.IFS(Table1[[#This Row],[SubType]]="Monthly",IF(Table1[[#This Row],[MonthsPaid]]<=12,Table1[[#This Row],[Monthly]]*0.9,Table1[[#This Row],[Monthly]]),Table1[[#This Row],[SubType]]="6-Month",IF(Table1[[#This Row],[MonthsPaid]]<=12,Table1[[#This Row],[Monthly]]*0.75*0.9,Table1[[#This Row],[Monthly]]*0.75),Table1[[#This Row],[SubType]]="12-Month",IF(Table1[[#This Row],[MonthsPaid]]<=12,Table1[[#This Row],[Monthly]]*(2/3)*0.9,Table1[[#This Row],[Monthly]]*(2/3)))} -> 6 | L25: {=ROUND(_xlfn.IFS(Table1[[#This Row],[SubType]]="Monthly",(MAX(MIN(Table1[[#This Row],[MonthsPaid]],12)-1,0)*Table1[[#This Row],[Monthly]]*0.9)+(MAX(Table1[[#This Row],[MonthsPaid]]-12,0)*Table1[[#This Row],[Monthly]]),Table1[[#This Row],[SubType]]="6-Month",(MIN(Table1[[#This Row],[MonthsPaid]],12)*Table1[[#This Row],[Monthly]]*0.75*0.9)+(MAX(Table1[[#This Row],[MonthsPaid]]-12,0)*Table1[[#This Row],[Monthly]]*0.75),Table1[[#This Row],[SubType]]="12-Month",(MIN(Table1[[#This Row],[MonthsPaid]],12)*Table1[[#This Row],[Monthly]]*(2/3)*0.9)+(MAX(Table1[[#This Row],[MonthsPaid]]-12,0)*Table1[[#This Row],[Monthly]]*(2/3))),2)} -> 72 | M25: {=_xlfn.IFS(Table1[[#This Row],[Age]]>70,"Elderly",Table1[[#This Row],[Age]]>59,"Senior",Table1[[#This Row],[Age]]>49,"Mature Adult",Table1[[#This Row],[Age]]>25,"Adult",Table1[[#This Row],[Age]]>=18,"Young Adult")} -> Mature Adult | N25: Northern Ireland | O25: Social Media | P25: Switched Service | Q25: {=_xlfn.IFS(Table1[[#This Row],[TotalRevenue]]<100,"Low",Table1[[#This Row],[TotalRevenue]]<300,"Medium",Table1[[#This Row],[TotalRevenue]]<600,"High",TRUE,"Very High")} -> Low | R25: {=_xlfn.IFS(Table1[[#This Row],[Age]]>69,"Elderly",Table1[[#This Row],[Age]]>59,"Mature Adult",Table1[[#This Row],[Age]]>25,"Adult",Table1[[#This Row],[Age]]>18,"Young Adult",Table1[[#This Row],[Age]]>=12,"Teenager")} -> Adult | S25: =IF(Table1[[#This Row],[NextBillingDate]]="","Cancelled",IF(Table1[[#This Row],[CancellationDate]]<>"","Cancelled","Active")) -> Cancelled | T25: {=IF(Table1[[#This Row],[ChurnStatus]]="Cancelled",Table1[[#This Row],[TotalRevenue]],Table1[[#This Row],[TotalRevenue]] + Table1[[#This Row],[Discounted]] * _xlfn.IFS(Table1[[#This Row],[SubType]]="Monthly",1,Table1[[#This Row],[SubType]]="6-Month",6-MOD(Table1[[#This Row],[MonthsPaid]],6),Table1[[#This Row],[SubType]]="12-Month",12-MOD(Table1[[#This Row],[MonthsPaid]],12)))} -> 72 | U25: 44949 | W25: 44949 | X25: 0 | Y25: =IF(Table1[[#This Row],[ChurnStatus]]="Cancelled",Table1[[#This Row],[CancellationDate]],TODAY()) -> 44949 | Z25: =IF(AND(Table1[[#This Row],[SubscriptionStart]] <= TODAY(), Table1[[#This Row],[EffectiveEndDate]] >= TODAY()),1,0) -> 0 | AA25: =IF(AND(Table1[[#This Row],[SubscriptionStart]]<=Settings!$A$2,Table1[[#This Row],[EffectiveEndDate]]>=Settings!$A$2),1,0) -> 0 | AB25: =IF(AND(Table1[[#This Row],[SubscriptionStart]]<=Settings!$B$2,Table1[[#This Row],[EffectiveEndDate]]>=Settings!$B$2),1,0) -> 1 | AC25: =IF(AND(Table1[[#This Row],[SubscriptionStart]]<=Settings!$C$2,Table1[[#This Row],[EffectiveEndDate]]>=Settings!$C$2),1,0) -> 1 | AD25: =IF(AND(Table1[[#This Row],[SubscriptionStart]]<=Settings!$D$2,Table1[[#This Row],[EffectiveEndDate]]>=Settings!$D$2),1,0) -> 0 | AE25: =IF(AND(Table1[[#This Row],[SubscriptionStart]]<=Settings!$E$2,Table1[[#This Row],[EffectiveEndDate]]>=Settings!$E$2),1,0) -> 0
A26: CUST0780 | B26: 28 | C26: Male | D26: 44589 | E26: 44949 | F26: =TODAY() - Table1[[#This Row],[SubscriptionStart]] -> 1392 | G26: 12 | H26: 12-Month | I26: Basic | J26: {=_xlfn.IFS(Table1[[#This Row],[Tier]]="Basic",10,Table1[[#This Row],[Tier]]="Standard",18,Table1[[#This Row],[Tier]]="Premium",25)} -> 10 | K26: {=_xlfn.IFS(Table1[[#This Row],[SubType]]="Monthly",IF(Table1[[#This Row],[MonthsPaid]]<=12,Table1[[#This Row],[Monthly]]*0.9,Table1[[#This Row],[Monthly]]),Table1[[#This Row],[SubType]]="6-Month",IF(Table1[[#This Row],[MonthsPaid]]<=12,Table1[[#This Row],[Monthly]]*0.75*0.9,Table1[[#This Row],[Monthly]]*0.75),Table1[[#This Row],[SubType]]="12-Month",IF(Table1[[#This Row],[MonthsPaid]]<=12,Table1[[#This Row],[Monthly]]*(2/3)*0.9,Table1[[#This Row],[Monthly]]*(2/3)))} -> 6 | L26: {=ROUND(_xlfn.IFS(Table1[[#This Row],[SubType]]="Monthly",(MAX(MIN(Table1[[#This Row],[MonthsPaid]],12)-1,0)*Table1[[#This Row],[Monthly]]*0.9)+(MAX(Table1[[#This Row],[MonthsPaid]]-12,0)*Table1[[#This Row],[Monthly]]),Table1[[#This Row],[SubType]]="6-Month",(MIN(Table1[[#This Row],[MonthsPaid]],12)*Table1[[#This Row],[Monthly]]*0.75*0.9)+(MAX(Table1[[#This Row],[MonthsPaid]]-12,0)*Table1[[#This Row],[Monthly]]*0.75),Table1[[#This Row],[SubType]]="12-Month",(MIN(Table1[[#This Row],[MonthsPaid]],12)*Table1[[#This Row],[Monthly]]*(2/3)*0.9)+(MAX(Table1[[#This Row],[MonthsPaid]]-12,0)*Table1[[#This Row],[Monthly]]*(2/3))),2)} -> 72 | M26: {=_xlfn.IFS(Table1[[#This Row],[Age]]>70,"Elderly",Table1[[#This Row],[Age]]>59,"Senior",Table1[[#This Row],[Age]]>49,"Mature Adult",Table1[[#This Row],[Age]]>25,"Adult",Table1[[#This Row],[Age]]>=18,"Young Adult")} -> Adult | N26: England | O26: Email Campaign | P26: No Longer Needed | Q26: {=_xlfn.IFS(Table1[[#This Row],[TotalRevenue]]<100,"Low",Table1[[#This Row],[TotalRevenue]]<300,"Medium",Table1[[#This Row],[TotalRevenue]]<600,"High",TRUE,"Very High")} -> Low | R26: {=_xlfn.IFS(Table1[[#This Row],[Age]]>69,"Elderly",Table1[[#This Row],[Age]]>59,"Mature Adult",Table1[[#This Row],[Age]]>25,"Adult",Table1[[#This Row],[Age]]>18,"Young Adult",Table1[[#This Row],[Age]]>=12,"Teenager")} -> Adult | S26: =IF(Table1[[#This Row],[NextBillingDate]]="","Cancelled",IF(Table1[[#This Row],[CancellationDate]]<>"","Cancelled","Active")) -> Cancelled | T26: {=IF(Table1[[#This Row],[ChurnStatus]]="Cancelled",Table1[[#This Row],[TotalRevenue]],Table1[[#This Row],[TotalRevenue]] + Table1[[#This Row],[Discounted]] * _xlfn.IFS(Table1[[#This Row],[SubType]]="Monthly",1,Table1[[#This Row],[SubType]]="6-Month",6-MOD(Table1[[#This Row],[MonthsPaid]],6),Table1[[#This Row],[SubType]]="12-Month",12-MOD(Table1[[#This Row],[MonthsPaid]],12)))} -> 72 | U26: 44949 | W26: 44949 | X26: 0 | Y26: =IF(Table1[[#This Row],[ChurnStatus]]="Cancelled",Table1[[#This Row],[CancellationDate]],TODAY()) -> 44949 | Z26: =IF(AND(Table1[[#This Row],[SubscriptionStart]] <= TODAY(), Table1[[#This Row],[EffectiveEndDate]] >= TODAY()),1,0) -> 0 | AA26: =IF(AND(Table1[[#This Row],[SubscriptionStart]]<=Settings!$A$2,Table1[[#This Row],[EffectiveEndDate]]>=Settings!$A$2),1,0) -> 0 | AB26: =IF(AND(Table1[[#This Row],[SubscriptionStart]]<=Settings!$B$2,Table1[[#This Row],[EffectiveEndDate]]>=Settings!$B$2),1,0) -> 1 | AC26: =IF(AND(Table1[[#This Row],[SubscriptionStart]]<=Settings!$C$2,Table1[[#This Row],[EffectiveEndDate]]>=Settings!$C$2),1,0) -> 1 | AD26: =IF(AND(Table1[[#This Row],[SubscriptionStart]]<=Settings!$D$2,Table1[[#This Row],[EffectiveEndDate]]>=Settings!$D$2),1,0) -> 0 | AE26: =IF(AND(Table1[[#This Row],[SubscriptionStart]]<=Settings!$E$2,Table1[[#This Row],[EffectiveEndDate]]>=Settings!$E$2),1,0) -> 0
A27: CUST0479 | B27: 32 | C27: Female | D27: 44591 | E27: 44771 | F27: =TODAY() - Table1[[#This Row],[SubscriptionStart]] -> 1390 | G27: 6 | H27: 6-Month | I27: Basic | J27: {=_xlfn.IFS(Table1[[#This Row],[Tier]]="Basic",10,Table1[[#This Row],[Tier]]="Standard",18,Table1[[#This Row],[Tier]]="Premium",25)} -> 10 | K27: {=_xlfn.IFS(Table1[[#This Row],[SubType]]="Monthly",IF(Table1[[#This Row],[MonthsPaid]]<=12,Table1[[#This Row],[Monthly]]*0.9,Table1[[#This Row],[Monthly]]),Table1[[#This Row],[SubType]]="6-Month",IF(Table1[[#This Row],[MonthsPaid]]<=12,Table1[[#This Row],[Monthly]]*0.75*0.9,Table1[[#This Row],[Monthly]]*0.75),Table1[[#This Row],[SubType]]="12-Month",IF(Table1[[#This Row],[MonthsPaid]]<=12,Table1[[#This Row],[Monthly]]*(2/3)*0.9,Table1[[#This Row],[Monthly]]*(2/3)))} -> 6.75 | L27: {=ROUND(_xlfn.IFS(Table1[[#This Row],[SubType]]="Monthly",(MAX(MIN(Table1[[#This Row],[MonthsPaid]],12)-1,0)*Table1[[#This Row],[Monthly]]*0.9)+(MAX(Table1[[#This Row],[MonthsPaid]]-12,0)*Table1[[#This Row],[Monthly]]),Table1[[#This Row],[SubType]]="6-Month",(MIN(Table1[[#This Row],[MonthsPaid]],12)*Table1[[#This Row],[Monthly]]*0.75*0.9)+(MAX(Table1[[#This Row],[MonthsPaid]]-12,0)*Table1[[#This Row],[Monthly]]*0.75),Table1[[#This Row],[SubType]]="12-Month",(MIN(Table1[[#This Row],[MonthsPaid]],12)*Table1[[#This Row],[Monthly]]*(2/3)*0.9)+(MAX(Table1[[#This Row],[MonthsPaid]]-12,0)*Table1[[#This Row],[Monthly]]*(2/3))),2)} -> 40.5 | M27: {=_xlfn.IFS(Table1[[#This Row],[Age]]>70,"Elderly",Table1[[#This Row],[Age]]>59,"Senior",Table1[[#This Row],[Age]]>49,"Mature Adult",Table1[[#This Row],[Age]]>25,"Adult",Table1[[#This Row],[Age]]>=18,"Young Adult")} -> Adult | N27: Wales | O27: Social Media | P27: Switched Service | Q27: {=_xlfn.IFS(Table1[[#This Row],[TotalRevenue]]<100,"Low",Table1[[#This Row],[TotalRevenue]]<300,"Medium",Table1[[#This Row],[TotalRevenue]]<600,"High",TRUE,"Very High")} -> Low | R27: {=_xlfn.IFS(Table1[[#This Row],[Age]]>69,"Elderly",Table1[[#This Row],[Age]]>59,"Mature Adult",Table1[[#This Row],[Age]]>25,"Adult",Table1[[#This Row],[Age]]>18,"Young Adult",Table1[[#This Row],[Age]]>=12,"Teenager")} -> Adult | S27: =IF(Table1[[#This Row],[NextBillingDate]]="","Cancelled",IF(Table1[[#This Row],[CancellationDate]]<>"","Cancelled","Active")) -> Cancelled | T27: {=IF(Table1[[#This Row],[ChurnStatus]]="Cancelled",Table1[[#This Row],[TotalRevenue]],Table1[[#This Row],[TotalRevenue]] + Table1[[#This Row],[Discounted]] * _xlfn.IFS(Table1[[#This Row],[SubType]]="Monthly",1,Table1[[#This Row],[SubType]]="6-Month",6-MOD(Table1[[#This Row],[MonthsPaid]],6),Table1[[#This Row],[SubType]]="12-Month",12-MOD(Table1[[#This Row],[MonthsPaid]],12)))} -> 40.5 | U27: 44771 | W27: 44771 | X27: 0 | Y27: =IF(Table1[[#This Row],[ChurnStatus]]="Cancelled",Table1[[#This Row],[CancellationDate]],TODAY()) -> 44771 | Z27: =IF(AND(Table1[[#This Row],[SubscriptionStart]] <= TODAY(), Table1[[#This Row],[EffectiveEndDate]] >= TODAY()),1,0) -> 0 | AA27: =IF(AND(Table1[[#This Row],[SubscriptionStart]]<=Settings!$A$2,Table1[[#This Row],[EffectiveEndDate]]>=Settings!$A$2),1,0) -> 0 | AB27: =IF(AND(Table1[[#This Row],[SubscriptionStart]]<=Settings!$B$2,Table1[[#This Row],[EffectiveEndDate]]>=Settings!$B$2),1,0) -> 1 | AC27: =IF(AND(Table1[[#This Row],[SubscriptionStart]]<=Settings!$C$2,Table1[[#This Row],[EffectiveEndDate]]>=Settings!$C$2),1,0) -> 0 | AD27: =IF(AND(Table1[[#This Row],[SubscriptionStart]]<=Settings!$D$2,Table1[[#This Row],[EffectiveEndDate]]>=Settings!$D$2),1,0) -> 0 | AE27: =IF(AND(Table1[[#This Row],[SubscriptionStart]]<=Settings!$E$2,Table1[[#This Row],[EffectiveEndDate]]>=Settings!$E$2),1,0) -> 0
A28: CUST0386 | B28: 60 | C28: Female | D28: 44592 | E28: 44952 | F28: =TODAY() - Table1[[#This Row],[SubscriptionStart]] -> 1389 | G28: 12 | H28: 12-Month | I28: Standard | J28: {=_xlfn.IFS(Table1[[#This Row],[Tier]]="Basic",10,Table1[[#This Row],[Tier]]="Standard",18,Table1[[#This Row],[Tier]]="Premium",25)} -> 18 | K28: {=_xlfn.IFS(Table1[[#This Row],[SubType]]="Monthly",IF(Table1[[#This Row],[MonthsPaid]]<=12,Table1[[#This Row],[Monthly]]*0.9,Table1[[#This Row],[Monthly]]),Table1[[#This Row],[SubType]]="6-Month",IF(Table1[[#This Row],[MonthsPaid]]<=12,Table1[[#This Row],[Monthly]]*0.75*0.9,Table1[[#This Row],[Monthly]]*0.75),Table1[[#This Row],[SubType]]="12-Month",IF(Table1[[#This Row],[MonthsPaid]]<=12,Table1[[#This Row],[Monthly]]*(2/3)*0.9,Table1[[#This Row],[Monthly]]*(2/3)))} -> 10.8 | L28: {=ROUND(_xlfn.IFS(Table1[[#This Row],[SubType]]="Monthly",(MAX(MIN(Table1[[#This Row],[MonthsPaid]],12)-1,0)*Table1[[#This Row],[Monthly]]*0.9)+(MAX(Table1[[#This Row],[MonthsPaid]]-12,0)*Table1[[#This Row],[Monthly]]),Table1[[#This Row],[SubType]]="6-Month",(MIN(Table1[[#This Row],[MonthsPaid]],12)*Table1[[#This Row],[Monthly]]*0.75*0.9)+(MAX(Table1[[#This Row],[MonthsPaid]]-12,0)*Table1[[#This Row],[Monthly]]*0.75),Table1[[#This Row],[SubType]]="12-Month",(MIN(Table1[[#This Row],[MonthsPaid]],12)*Table1[[#This Row],[Monthly]]*(2/3)*0.9)+(MAX(Table1[[#This Row],[MonthsPaid]]-12,0)*Table1[[#This Row],[Monthly]]*(2/3))),2)} -> 129.6 | M28: {=_xlfn.IFS(Table1[[#This Row],[Age]]>70,"Elderly",Table1[[#This Row],[Age]]>59,"Senior",Table1[[#This Row],[Age]]>49,"Mature Adult",Table1[[#This Row],[Age]]>25,"Adult",Table1[[#This Row],[Age]]>=18,"Young Adult")} -> Senior | N28: Wales | O28: Social Media | P28: No Longer Needed | Q28: {=_xlfn.IFS(Table1[[#This Row],[TotalRevenue]]<100,"Low",Table1[[#This Row],[TotalRevenue]]<300,"Medium",Table1[[#This Row],[TotalRevenue]]<600,"High",TRUE,"Very High")} -> Medium | R28: {=_xlfn.IFS(Table1[[#This Row],[Age]]>69,"Elderly",Table1[[#This Row],[Age]]>59,"Mature Adult",Table1[[#This Row],[Age]]>25,"Adult",Table1[[#This Row],[Age]]>18,"Young Adult",Table1[[#This Row],[Age]]>=12,"Teenager")} -> Mature Adult | S28: =IF(Table1[[#This Row],[NextBillingDate]]="","Cancelled",IF(Table1[[#This Row],[CancellationDate]]<>"","Cancelled","Active")) -> Cancelled | T28: {=IF(Table1[[#This Row],[ChurnStatus]]="Cancelled",Table1[[#This Row],[TotalRevenue]],Table1[[#This Row],[TotalRevenue]] + Table1[[#This Row],[Discounted]] * _xlfn.IFS(Table1[[#This Row],[SubType]]="Monthly",1,Table1[[#This Row],[SubType]]="6-Month",6-MOD(Table1[[#This Row],[MonthsPaid]],6),Table1[[#This Row],[SubType]]="12-Month",12-MOD(Table1[[#This Row],[MonthsPaid]],12)))} -> 129.6 | U28: 44952 | W28: 44952 | X28: 0 | Y28: =IF(Table1[[#This Row],[ChurnStatus]]="Cancelled",Table1[[#This Row],[CancellationDate]],TODAY()) -> 44952 | Z28: =IF(AND(Table1[[#This Row],[SubscriptionStart]] <= TODAY(), Table1[[#This Row],[EffectiveEndDate]] >= TODAY()),1,0) -> 0 | AA28: =IF(AND(Table1[[#This Row],[SubscriptionStart]]<=Settings!$A$2,Table1[[#This Row],[EffectiveEndDate]]>=Settings!$A$2),1,0) -> 0 | AB28: =IF(AND(Table1[[#This Row],[SubscriptionStart]]<=Settings!$B$2,Table1[[#This Row],[EffectiveEndDate]]>=Settings!$B$2),1,0) -> 1 | AC28: =IF(AND(Table1[[#This Row],[SubscriptionStart]]<=Settings!$C$2,Table1[[#This Row],[EffectiveEndDate]]>=Settings!$C$2),1,0) -> 1 | AD28: =IF(AND(Table1[[#This Row],[SubscriptionStart]]<=Settings!$D$2,Table1[[#This Row],[EffectiveEndDate]]>=Settings!$D$2),1,0) -> 0 | AE28: =IF(AND(Table1[[#This Row],[SubscriptionStart]]<=Settings!$E$2,Table1[[#This Row],[EffectiveEndDate]]>=Settings!$E$2),1,0) -> 0
A29: CUST0105 | B29: 54 | C29: Female | D29: 44594 | F29: =TODAY() - Table1[[#This Row],[SubscriptionStart]] -> 1387 | G29: 48 | H29: 6-Month | I29: Basic | J29: {=_xlfn.IFS(Table1[[#This Row],[Tier]]="Basic",10,Table1[[#This Row],[Tier]]="Standard",18,Table1[[#This Row],[Tier]]="Premium",25)} -> 10 | K29: {=_xlfn.IFS(Table1[[#This Row],[SubType]]="Monthly",IF(Table1[[#This Row],[MonthsPaid]]<=12,Table1[[#This Row],[Monthly]]*0.9,Table1[[#This Row],[Monthly]]),Table1[[#This Row],[SubType]]="6-Month",IF(Table1[[#This Row],[MonthsPaid]]<=12,Table1[[#This Row],[Monthly]]*0.75*0.9,Table1[[#This Row],[Monthly]]*0.75),Table1[[#This Row],[SubType]]="12-Month",IF(Table1[[#This Row],[MonthsPaid]]<=12,Table1[[#This Row],[Monthly]]*(2/3)*0.9,Table1[[#This Row],[Monthly]]*(2/3)))} -> 7.5 | L29: {=ROUND(_xlfn.IFS(Table1[[#This Row],[SubType]]="Monthly",(MAX(MIN(Table1[[#This Row],[MonthsPaid]],12)-1,0)*Table1[[#This Row],[Monthly]]*0.9)+(MAX(Table1[[#This Row],[MonthsPaid]]-12,0)*Table1[[#This Row],[Monthly]]),Table1[[#This Row],[SubType]]="6-Month",(MIN(Table1[[#This Row],[MonthsPaid]],12)*Table1[[#This Row],[Monthly]]*0.75*0.9)+(MAX(Table1[[#This Row],[MonthsPaid]]-12,0)*Table1[[#This Row],[Monthly]]*0.75),Table1[[#This Row],[SubType]]="12-Month",(MIN(Table1[[#This Row],[MonthsPaid]],12)*Table1[[#This Row],[Monthly]]*(2/3)*0.9)+(MAX(Table1[[#This Row],[MonthsPaid]]-12,0)*Table1[[#This Row],[Monthly]]*(2/3))),2)} -> 351 | M29: {=_xlfn.IFS(Table1[[#This Row],[Age]]>70,"Elderly",Table1[[#This Row],[Age]]>59,"Senior",Table1[[#This Row],[Age]]>49,"Mature Adult",Table1[[#This Row],[Age]]>25,"Adult",Table1[[#This Row],[Age]]>=18,"Young Adult")} -> Mature Adult | N29: Northern Ireland | O29: Social Media | Q29: {=_xlfn.IFS(Table1[[#This Row],[TotalRevenue]]<100,"Low",Table1[[#This Row],[TotalRevenue]]<300,"Medium",Table1[[#This Row],[TotalRevenue]]<600,"High",TRUE,"Very High")} -> High | R29: {=_xlfn.IFS(Table1[[#This Row],[Age]]>69,"Elderly",Table1[[#This Row],[Age]]>59,"Mature Adult",Table1[[#This Row],[Age]]>25,"Adult",Table1[[#This Row],[Age]]>18,"Young Adult",Table1[[#This Row],[Age]]>=12,"Teenager")} -> Adult | S29: =IF(Table1[[#This Row],[NextBillingDate]]="","Cancelled",IF(Table1[[#This Row],[CancellationDate]]<>"","Cancelled","Active")) -> Active | T29: {=IF(Table1[[#This Row],[ChurnStatus]]="Cancelled",Table1[[#This Row],[TotalRevenue]],Table1[[#This Row],[TotalRevenue]] + Table1[[#This Row],[Discounted]] * _xlfn.IFS(Table1[[#This Row],[SubType]]="Monthly",1,Table1[[#This Row],[SubType]]="6-Month",6-MOD(Table1[[#This Row],[MonthsPaid]],6),Table1[[#This Row],[SubType]]="12-Month",12-MOD(Table1[[#This Row],[MonthsPaid]],12)))} -> 396 | V29: 46034 | W29: 46034 | X29: 7 | Y29: =IF(Table1[[#This Row],[ChurnStatus]]="Cancelled",Table1[[#This Row],[CancellationDate]],TODAY()) -> 45981 | Z29: =IF(AND(Table1[[#This Row],[SubscriptionStart]] <= TODAY(), Table1[[#This Row],[EffectiveEndDate]] >= TODAY()),1,0) -> 1 | AA29: =IF(AND(Table1[[#This Row],[SubscriptionStart]]<=Settings!$A$2,Table1[[#This Row],[EffectiveEndDate]]>=Settings!$A$2),1,0) -> 0 | AB29: =IF(AND(Table1[[#This Row],[SubscriptionStart]]<=Settings!$B$2,Table1[[#This Row],[EffectiveEndDate]]>=Settings!$B$2),1,0) -> 1 | AC29: =IF(AND(Table1[[#This Row],[SubscriptionStart]]<=Settings!$C$2,Table1[[#This Row],[EffectiveEndDate]]>=Settings!$C$2),1,0) -> 1 | AD29: =IF(AND(Table1[[#This Row],[SubscriptionStart]]<=Settings!$D$2,Table1[[#This Row],[EffectiveEndDate]]>=Settings!$D$2),1,0) -> 1 | AE29: =IF(AND(Table1[[#This Row],[SubscriptionStart]]<=Settings!$E$2,Table1[[#This Row],[EffectiveEndDate]]>=Settings!$E$2),1,0) -> 1
A30: CUST0406 | B30: 38 | C30: Male | D30: 44596 | E30: 44776 | F30: =TODAY() - Table1[[#This Row],[SubscriptionStart]] -> 1385 | G30: 6 | H30: 6-Month | I30: Basic | J30: {=_xlfn.IFS(Table1[[#This Row],[Tier]]="Basic",10,Table1[[#This Row],[Tier]]="Standard",18,Table1[[#This Row],[Tier]]="Premium",25)} -> 10 | K30: {=_xlfn.IFS(Table1[[#This Row],[SubType]]="Monthly",IF(Table1[[#This Row],[MonthsPaid]]<=12,Table1[[#This Row],[Monthly]]*0.9,Table1[[#This Row],[Monthly]]),Table1[[#This Row],[SubType]]="6-Month",IF(Table1[[#This Row],[MonthsPaid]]<=12,Table1[[#This Row],[Monthly]]*0.75*0.9,Table1[[#This Row],[Monthly]]*0.75),Table1[[#This Row],[SubType]]="12-Month",IF(Table1[[#This Row],[MonthsPaid]]<=12,Table1[[#This Row],[Monthly]]*(2/3)*0.9,Table1[[#This Row],[Monthly]]*(2/3)))} -> 6.75 | L30: {=ROUND(_xlfn.IFS(Table1[[#This Row],[SubType]]="Monthly",(MAX(MIN(Table1[[#This Row],[MonthsPaid]],12)-1,0)*Table1[[#This Row],[Monthly]]*0.9)+(MAX(Table1[[#This Row],[MonthsPaid]]-12,0)*Table1[[#This Row],[Monthly]]),Table1[[#This Row],[SubType]]="6-Month",(MIN(Table1[[#This Row],[MonthsPaid]],12)*Table1[[#This Row],[Monthly]]*0.75*0.9)+(MAX(Table1[[#This Row],[MonthsPaid]]-12,0)*Table1[[#This Row],[Monthly]]*0.75),Table1[[#This Row],[SubType]]="12-Month",(MIN(Table1[[#This Row],[MonthsPaid]],12)*Table1[[#This Row],[Monthly]]*(2/3)*0.9)+(MAX(Table1[[#This Row],[MonthsPaid]]-12,0)*Table1[[#This Row],[Monthly]]*(2/3))),2)} -> 40.5 | M30: {=_xlfn.IFS(Table1[[#This Row],[Age]]>70,"Elderly",Table1[[#This Row],[Age]]>59,"Senior",Table1[[#This Row],[Age]]>49,"Mature Adult",Table1[[#This Row],[Age]]>25,"Adult",Table1[[#This Row],[Age]]>=18,"Young Adult")} -> Adult | N30: Northern Ireland | O30: Social Media | P30: Other | Q30: {=_xlfn.IFS(Table1[[#This Row],[TotalRevenue]]<100,"Low",Table1[[#This Row],[TotalRevenue]]<300,"Medium",Table1[[#This Row],[TotalRevenue]]<600,"High",TRUE,"Very High")} -> Low | R30: {=_xlfn.IFS(Table1[[#This Row],[Age]]>69,"Elderly",Table1[[#This Row],[Age]]>59,"Mature Adult",Table1[[#This Row],[Age]]>25,"Adult",Table1[[#This Row],[Age]]>18,"Young Adult",Table1[[#This Row],[Age]]>=12,"Teenager")} -> Adult | S30: =IF(Table1[[#This Row],[NextBillingDate]]="","Cancelled",IF(Table1[[#This Row],[CancellationDate]]<>"","Cancelled","Active")) -> Cancelled | T30: {=IF(Table1[[#This Row],[ChurnStatus]]="Cancelled",Table1[[#This Row],[TotalRevenue]],Table1[[#This Row],[TotalRevenue]] + Table1[[#This Row],[Discounted]] * _xlfn.IFS(Table1[[#This Row],[SubType]]="Monthly",1,Table1[[#This Row],[SubType]]="6-Month",6-MOD(Table1[[#This Row],[MonthsPaid]],6),Table1[[#This Row],[SubType]]="12-Month",12-MOD(Table1[[#This Row],[MonthsPaid]],12)))} -> 40.5 | U30: 44776 | W30: 44776 | X30: 0 | Y30: =IF(Table1[[#This Row],[ChurnStatus]]="Cancelled",Table1[[#This Row],[CancellationDate]],TODAY()) -> 44776 | Z30: =IF(AND(Table1[[#This Row],[SubscriptionStart]] <= TODAY(), Table1[[#This Row],[EffectiveEndDate]] >= TODAY()),1,0) -> 0 | AA30: =IF(AND(Table1[[#This Row],[SubscriptionStart]]<=Settings!$A$2,Table1[[#This Row],[EffectiveEndDate]]>=Settings!$A$2),1,0) -> 0 | AB30: =IF(AND(Table1[[#This Row],[SubscriptionStart]]<=Settings!$B$2,Table1[[#This Row],[EffectiveEndDate]]>=Settings!$B$2),1,0) -> 1 | AC30: =IF(AND(Table1[[#This Row],[SubscriptionStart]]<=Settings!$C$2,Table1[[#This Row],[EffectiveEndDate]]>=Settings!$C$2),1,0) -> 0 | AD30: =IF(AND(Table1[[#This Row],[SubscriptionStart]]<=Settings!$D$2,Table1[[#This Row],[EffectiveEndDate]]>=Settings!$D$2),1,0) -> 0 | AE30: =IF(AND(Table1[[#This Row],[SubscriptionStart]]<=Settings!$E$2,Table1[[#This Row],[EffectiveEndDate]]>=Settings!$E$2),1,0) -> 0
A31: CUST0745 | B31: 31 | C31: Female | D31: 44596 | E31: 44956 | F31: =TODAY() - Table1[[#This Row],[SubscriptionStart]] -> 1385 | G31: 12 | H31: 12-Month | I31: Standard | J31: {=_xlfn.IFS(Table1[[#This Row],[Tier]]="Basic",10,Table1[[#This Row],[Tier]]="Standard",18,Table1[[#This Row],[Tier]]="Premium",25)} -> 18 | K31: {=_xlfn.IFS(Table1[[#This Row],[SubType]]="Monthly",IF(Table1[[#This Row],[MonthsPaid]]<=12,Table1[[#This Row],[Monthly]]*0.9,Table1[[#This Row],[Monthly]]),Table1[[#This Row],[SubType]]="6-Month",IF(Table1[[#This Row],[MonthsPaid]]<=12,Table1[[#This Row],[Monthly]]*0.75*0.9,Table1[[#This Row],[Monthly]]*0.75),Table1[[#This Row],[SubType]]="12-Month",IF(Table1[[#This Row],[MonthsPaid]]<=12,Table1[[#This Row],[Monthly]]*(2/3)*0.9,Table1[[#This Row],[Monthly]]*(2/3)))} -> 10.8 | L31: {=ROUND(_xlfn.IFS(Table1[[#This Row],[SubType]]="Monthly",(MAX(MIN(Table1[[#This Row],[MonthsPaid]],12)-1,0)*Table1[[#This Row],[Monthly]]*0.9)+(MAX(Table1[[#This Row],[MonthsPaid]]-12,0)*Table1[[#This Row],[Monthly]]),Table1[[#This Row],[SubType]]="6-Month",(MIN(Table1[[#This Row],[MonthsPaid]],12)*Table1[[#This Row],[Monthly]]*0.75*0.9)+(MAX(Table1[[#This Row],[MonthsPaid]]-12,0)*Table1[[#This Row],[Monthly]]*0.75),Table1[[#This Row],[SubType]]="12-Month",(MIN(Table1[[#This Row],[MonthsPaid]],12)*Table1[[#This Row],[Monthly]]*(2/3)*0.9)+(MAX(Table1[[#This Row],[MonthsPaid]]-12,0)*Table1[[#This Row],[Monthly]]*(2/3))),2)} -> 129.6 | M31: {=_xlfn.IFS(Table1[[#This Row],[Age]]>70,"Elderly",Table1[[#This Row],[Age]]>59,"Senior",Table1[[#This Row],[Age]]>49,"Mature Adult",Table1[[#This Row],[Age]]>25,"Adult",Table1[[#This Row],[Age]]>=18,"Young Adult")} -> Adult | N31: England | O31: Friend | P31: Other | Q31: {=_xlfn.IFS(Table1[[#This Row],[TotalRevenue]]<100,"Low",Table1[[#This Row],[TotalRevenue]]<300,"Medium",Table1[[#This Row],[TotalRevenue]]<600,"High",TRUE,"Very High")} -> Medium | R31: {=_xlfn.IFS(Table1[[#This Row],[Age]]>69,"Elderly",Table1[[#This Row],[Age]]>59,"Mature Adult",Table1[[#This Row],[Age]]>25,"Adult",Table1[[#This Row],[Age]]>18,"Young Adult",Table1[[#This Row],[Age]]>=12,"Teenager")} -> Adult | S31: =IF(Table1[[#This Row],[NextBillingDate]]="","Cancelled",IF(Table1[[#This Row],[CancellationDate]]<>"","Cancelled","Active")) -> Cancelled | T31: {=IF(Table1[[#This Row],[ChurnStatus]]="Cancelled",Table1[[#This Row],[TotalRevenue]],Table1[[#This Row],[TotalRevenue]] + Table1[[#This Row],[Discounted]] * _xlfn.IFS(Table1[[#This Row],[SubType]]="Monthly",1,Table1[[#This Row],[SubType]]="6-Month",6-MOD(Table1[[#This Row],[MonthsPaid]],6),Table1[[#This Row],[SubType]]="12-Month",12-MOD(Table1[[#This Row],[MonthsPaid]],12)))} -> 129.6 | U31: 44956 | W31: 44956 | X31: 0 | Y31: =IF(Table1[[#This Row],[ChurnStatus]]="Cancelled",Table1[[#This Row],[CancellationDate]],TODAY()) -> 44956 | Z31: =IF(AND(Table1[[#This Row],[SubscriptionStart]] <= TODAY(), Table1[[#This Row],[EffectiveEndDate]] >= TODAY()),1,0) -> 0 | AA31: =IF(AND(Table1[[#This Row],[SubscriptionStart]]<=Settings!$A$2,Table1[[#This Row],[EffectiveEndDate]]>=Settings!$A$2),1,0) -> 0 | AB31: =IF(AND(Table1[[#This Row],[SubscriptionStart]]<=Settings!$B$2,Table1[[#This Row],[EffectiveEndDate]]>=Settings!$B$2),1,0) -> 1 | AC31: =IF(AND(Table1[[#This Row],[SubscriptionStart]]<=Settings!$C$2,Table1[[#This Row],[EffectiveEndDate]]>=Settings!$C$2),1,0) -> 1 | AD31: =IF(AND(Table1[[#This Row],[SubscriptionStart]]<=Settings!$D$2,Table1[[#This Row],[EffectiveEndDate]]>=Settings!$D$2),1,0) -> 0 | AE31: =IF(AND(Table1[[#This Row],[SubscriptionStart]]<=Settings!$E$2,Table1[[#This Row],[EffectiveEndDate]]>=Settings!$E$2),1,0) -> 0
A32: CUST0704 | B32: 20 | C32: Male | D32: 44597 | E32: 44957 | F32: =TODAY() - Table1[[#This Row],[SubscriptionStart]] -> 1384 | G32: 12 | H32: 12-Month | I32: Standard | J32: {=_xlfn.IFS(Table1[[#This Row],[Tier]]="Basic",10,Table1[[#This Row],[Tier]]="Standard",18,Table1[[#This Row],[Tier]]="Premium",25)} -> 18 | K32: {=_xlfn.IFS(Table1[[#This Row],[SubType]]="Monthly",IF(Table1[[#This Row],[MonthsPaid]]<=12,Table1[[#This Row],[Monthly]]*0.9,Table1[[#This Row],[Monthly]]),Table1[[#This Row],[SubType]]="6-Month",IF(Table1[[#This Row],[MonthsPaid]]<=12,Table1[[#This Row],[Monthly]]*0.75*0.9,Table1[[#This Row],[Monthly]]*0.75),Table1[[#This Row],[SubType]]="12-Month",IF(Table1[[#This Row],[MonthsPaid]]<=12,Table1[[#This Row],[Monthly]]*(2/3)*0.9,Table1[[#This Row],[Monthly]]*(2/3)))} -> 10.8 | L32: {=ROUND(_xlfn.IFS(Table1[[#This Row],[SubType]]="Monthly",(MAX(MIN(Table1[[#This Row],[MonthsPaid]],12)-1,0)*Table1[[#This Row],[Monthly]]*0.9)+(MAX(Table1[[#This Row],[MonthsPaid]]-12,0)*Table1[[#This Row],[Monthly]]),Table1[[#This Row],[SubType]]="6-Month",(MIN(Table1[[#This Row],[MonthsPaid]],12)*Table1[[#This Row],[Monthly]]*0.75*0.9)+(MAX(Table1[[#This Row],[MonthsPaid]]-12,0)*Table1[[#This Row],[Monthly]]*0.75),Table1[[#This Row],[SubType]]="12-Month",(MIN(Table1[[#This Row],[MonthsPaid]],12)*Table1[[#This Row],[Monthly]]*(2/3)*0.9)+(MAX(Table1[[#This Row],[MonthsPaid]]-12,0)*Table1[[#This Row],[Monthly]]*(2/3))),2)} -> 129.6 | M32: {=_xlfn.IFS(Table1[[#This Row],[Age]]>70,"Elderly",Table1[[#This Row],[Age]]>59,"Senior",Table1[[#This Row],[Age]]>49,"Mature Adult",Table1[[#This Row],[Age]]>25,"Adult",Table1[[#This Row],[Age]]>=18,"Young Adult")} -> Young Adult | N32: Scotland | O32: Friend | P32: Other | Q32: {=_xlfn.IFS(Table1[[#This Row],[TotalRevenue]]<100,"Low",Table1[[#This Row],[TotalRevenue]]<300,"Medium",Table1[[#This Row],[TotalRevenue]]<600,"High",TRUE,"Very High")} -> Medium | R32: {=_xlfn.IFS(Table1[[#This Row],[Age]]>69,"Elderly",Table1[[#This Row],[Age]]>59,"Mature Adult",Table1[[#This Row],[Age]]>25,"Adult",Table1[[#This Row],[Age]]>18,"Young Adult",Table1[[#This Row],[Age]]>=12,"Teenager")} -> Young Adult | S32: =IF(Table1[[#This Row],[NextBillingDate]]="","Cancelled",IF(Table1[[#This Row],[CancellationDate]]<>"","Cancelled","Active")) -> Cancelled | T32: {=IF(Table1[[#This Row],[ChurnStatus]]="Cancelled",Table1[[#This Row],[TotalRevenue]],Table1[[#This Row],[TotalRevenue]] + Table1[[#This Row],[Discounted]] * _xlfn.IFS(Table1[[#This Row],[SubType]]="Monthly",1,Table1[[#This Row],[SubType]]="6-Month",6-MOD(Table1[[#This Row],[MonthsPaid]],6),Table1[[#This Row],[SubType]]="12-Month",12-MOD(Table1[[#This Row],[MonthsPaid]],12)))} -> 129.6 | U32: 44957 | W32: 44957 | X32: 0 | Y32: =IF(Table1[[#This Row],[ChurnStatus]]="Cancelled",Table1[[#This Row],[CancellationDate]],TODAY()) -> 44957 | Z32: =IF(AND(Table1[[#This Row],[SubscriptionStart]] <= TODAY(), Table1[[#This Row],[EffectiveEndDate]] >= TODAY()),1,0) -> 0 | AA32: =IF(AND(Table1[[#This Row],[SubscriptionStart]]<=Settings!$A$2,Table1[[#This Row],[EffectiveEndDate]]>=Settings!$A$2),1,0) -> 0 | AB32: =IF(AND(Table1[[#This Row],[SubscriptionStart]]<=Settings!$B$2,Table1[[#This Row],[EffectiveEndDate]]>=Settings!$B$2),1,0) -> 1 | AC32: =IF(AND(Table1[[#This Row],[SubscriptionStart]]<=Settings!$C$2,Table1[[#This Row],[EffectiveEndDate]]>=Settings!$C$2),1,0) -> 1 | AD32: =IF(AND(Table1[[#This Row],[SubscriptionStart]]<=Settings!$D$2,Table1[[#This Row],[EffectiveEndDate]]>=Settings!$D$2),1,0) -> 0 | AE32: =IF(AND(Table1[[#This Row],[SubscriptionStart]]<=Settings!$E$2,Table1[[#This Row],[EffectiveEndDate]]>=Settings!$E$2),1,0) -> 0
A33: CUST0186 | B33: 28 | C33: Male | D33: 44599 | E33: 44959 | F33: =TODAY() - Table1[[#This Row],[SubscriptionStart]] -> 1382 | G33: 12 | H33: 12-Month | I33: Standard | J33: {=_xlfn.IFS(Table1[[#This Row],[Tier]]="Basic",10,Table1[[#This Row],[Tier]]="Standard",18,Table1[[#This Row],[Tier]]="Premium",25)} -> 18 | K33: {=_xlfn.IFS(Table1[[#This Row],[SubType]]="Monthly",IF(Table1[[#This Row],[MonthsPaid]]<=12,Table1[[#This Row],[Monthly]]*0.9,Table1[[#This Row],[Monthly]]),Table1[[#This Row],[SubType]]="6-Month",IF(Table1[[#This Row],[MonthsPaid]]<=12,Table1[[#This Row],[Monthly]]*0.75*0.9,Table1[[#This Row],[Monthly]]*0.75),Table1[[#This Row],[SubType]]="12-Month",IF(Table1[[#This Row],[MonthsPaid]]<=12,Table1[[#This Row],[Monthly]]*(2/3)*0.9,Table1[[#This Row],[Monthly]]*(2/3)))} -> 10.8 | L33: {=ROUND(_xlfn.IFS(Table1[[#This Row],[SubType]]="Monthly",(MAX(MIN(Table1[[#This Row],[MonthsPaid]],12)-1,0)*Table1[[#This Row],[Monthly]]*0.9)+(MAX(Table1[[#This Row],[MonthsPaid]]-12,0)*Table1[[#This Row],[Monthly]]),Table1[[#This Row],[SubType]]="6-Month",(MIN(Table1[[#This Row],[MonthsPaid]],12)*Table1[[#This Row],[Monthly]]*0.75*0.9)+(MAX(Table1[[#This Row],[MonthsPaid]]-12,0)*Table1[[#This Row],[Monthly]]*0.75),Table1[[#This Row],[SubType]]="12-Month",(MIN(Table1[[#This Row],[MonthsPaid]],12)*Table1[[#This Row],[Monthly]]*(2/3)*0.9)+(MAX(Table1[[#This Row],[MonthsPaid]]-12,0)*Table1[[#This Row],[Monthly]]*(2/3))),2)} -> 129.6 | M33: {=_xlfn.IFS(Table1[[#This Row],[Age]]>70,"Elderly",Table1[[#This Row],[Age]]>59,"Senior",Table1[[#This Row],[Age]]>49,"Mature Adult",Table1[[#This Row],[Age]]>25,"Adult",Table1[[#This Row],[Age]]>=18,"Young Adult")} -> Adult | N33: Northern Ireland | O33: None | P33: Other | Q33: {=_xlfn.IFS(Table1[[#This Row],[TotalRevenue]]<100,"Low",Table1[[#This Row],[TotalRevenue]]<300,"Medium",Table1[[#This Row],[TotalRevenue]]<600,"High",TRUE,"Very High")} -> Medium | R33: {=_xlfn.IFS(Table1[[#This Row],[Age]]>69,"Elderly",Table1[[#This Row],[Age]]>59,"Mature Adult",Table1[[#This Row],[Age]]>25,"Adult",Table1[[#This Row],[Age]]>18,"Young Adult",Table1[[#This Row],[Age]]>=12,"Teenager")} -> Adult | S33: =IF(Table1[[#This Row],[NextBillingDate]]="","Cancelled",IF(Table1[[#This Row],[CancellationDate]]<>"","Cancelled","Active")) -> Cancelled | T33: {=IF(Table1[[#This Row],[ChurnStatus]]="Cancelled",Table1[[#This Row],[TotalRevenue]],Table1[[#This Row],[TotalRevenue]] + Table1[[#This Row],[Discounted]] * _xlfn.IFS(Table1[[#This Row],[SubType]]="Monthly",1,Table1[[#This Row],[SubType]]="6-Month",6-MOD(Table1[[#This Row],[MonthsPaid]],6),Table1[[#This Row],[SubType]]="12-Month",12-MOD(Table1[[#This Row],[MonthsPaid]],12)))} -> 129.6 | U33: 44959 | W33: 44959 | X33: 0 | Y33: =IF(Table1[[#This Row],[ChurnStatus]]="Cancelled",Table1[[#This Row],[CancellationDate]],TODAY()) -> 44959 | Z33: =IF(AND(Table1[[#This Row],[SubscriptionStart]] <= TODAY(), Table1[[#This Row],[EffectiveEndDate]] >= TODAY()),1,0) -> 0 | AA33: =IF(AND(Table1[[#This Row],[SubscriptionStart]]<=Settings!$A$2,Table1[[#This Row],[EffectiveEndDate]]>=Settings!$A$2),1,0) -> 0 | AB33: =IF(AND(Table1[[#This Row],[SubscriptionStart]]<=Settings!$B$2,Table1[[#This Row],[EffectiveEndDate]]>=Settings!$B$2),1,0) -> 1 | AC33: =IF(AND(Table1[[#This Row],[SubscriptionStart]]<=Settings!$C$2,Table1[[#This Row],[EffectiveEndDate]]>=Settings!$C$2),1,0) -> 1 | AD33: =IF(AND(Table1[[#This Row],[SubscriptionStart]]<=Settings!$D$2,Table1[[#This Row],[EffectiveEndDate]]>=Settings!$D$2),1,0) -> 0 | AE33: =IF(AND(Table1[[#This Row],[SubscriptionStart]]<=Settings!$E$2,Table1[[#This Row],[EffectiveEndDate]]>=Settings!$E$2),1,0) -> 0
A34: CUST0395 | B34: 26 | C34: Female | D34: 44599 | E34: 44959 | F34: =TODAY() - Table1[[#This Row],[SubscriptionStart]] -> 1382 | G34: 12 | H34: 12-Month | I34: Premium | J34: {=_xlfn.IFS(Table1[[#This Row],[Tier]]="Basic",10,Table1[[#This Row],[Tier]]="Standard",18,Table1[[#This Row],[Tier]]="Premium",25)} -> 25 | K34: {=_xlfn.IFS(Table1[[#This Row],[SubType]]="Monthly",IF(Table1[[#This Row],[MonthsPaid]]<=12,Table1[[#This Row],[Monthly]]*0.9,Table1[[#This Row],[Monthly]]),Table1[[#This Row],[SubType]]="6-Month",IF(Table1[[#This Row],[MonthsPaid]]<=12,Table1[[#This Row],[Monthly]]*0.75*0.9,Table1[[#This Row],[Monthly]]*0.75),Table1[[#This Row],[SubType]]="12-Month",IF(Table1[[#This Row],[MonthsPaid]]<=12,Table1[[#This Row],[Monthly]]*(2/3)*0.9,Table1[[#This Row],[Monthly]]*(2/3)))} -> 15 | L34: {=ROUND(_xlfn.IFS(Table1[[#This Row],[SubType]]="Monthly",(MAX(MIN(Table1[[#This Row],[MonthsPaid]],12)-1,0)*Table1[[#This Row],[Monthly]]*0.9)+(MAX(Table1[[#This Row],[MonthsPaid]]-12,0)*Table1[[#This Row],[Monthly]]),Table1[[#This Row],[SubType]]="6-Month",(MIN(Table1[[#This Row],[MonthsPaid]],12)*Table1[[#This Row],[Monthly]]*0.75*0.9)+(MAX(Table1[[#This Row],[MonthsPaid]]-12,0)*Table1[[#This Row],[Monthly]]*0.75),Table1[[#This Row],[SubType]]="12-Month",(MIN(Table1[[#This Row],[MonthsPaid]],12)*Table1[[#This Row],[Monthly]]*(2/3)*0.9)+(MAX(Table1[[#This Row],[MonthsPaid]]-12,0)*Table1[[#This Row],[Monthly]]*(2/3))),2)} -> 180 | M34: {=_xlfn.IFS(Table1[[#This Row],[Age]]>70,"Elderly",Table1[[#This Row],[Age]]>59,"Senior",Table1[[#This Row],[Age]]>49,"Mature Adult",Table1[[#This Row],[Age]]>25,"Adult",Table1[[#This Row],[Age]]>=18,"Young Adult")} -> Adult | N34: Wales | O34: Search Engine | P34: Switched Service | Q34: {=_xlfn.IFS(Table1[[#This Row],[TotalRevenue]]<100,"Low",Table1[[#This Row],[TotalRevenue]]<300,"Medium",Table1[[#This Row],[TotalRevenue]]<600,"High",TRUE,"Very High")} -> Medium | R34: {=_xlfn.IFS(Table1[[#This Row],[Age]]>69,"Elderly",Table1[[#This Row],[Age]]>59,"Mature Adult",Table1[[#This Row],[Age]]>25,"Adult",Table1[[#This Row],[Age]]>18,"Young Adult",Table1[[#This Row],[Age]]>=12,"Teenager")} -> Adult | S34: =IF(Table1[[#This Row],[NextBillingDate]]="","Cancelled",IF(Table1[[#This Row],[CancellationDate]]<>"","Cancelled","Active")) -> Cancelled | T34: {=IF(Table1[[#This Row],[ChurnStatus]]="Cancelled",Table1[[#This Row],[TotalRevenue]],Table1[[#This Row],[TotalRevenue]] + Table1[[#This Row],[Discounted]] * _xlfn.IFS(Table1[[#This Row],[SubType]]="Monthly",1,Table1[[#This Row],[SubType]]="6-Month",6-MOD(Table1[[#This Row],[MonthsPaid]],6),Table1[[#This Row],[SubType]]="12-Month",12-MOD(Table1[[#This Row],[MonthsPaid]],12)))} -> 180 | U34: 44959 | W34: 44959 | X34: 0 | Y34: =IF(Table1[[#This Row],[ChurnStatus]]="Cancelled",Table1[[#This Row],[CancellationDate]],TODAY()) -> 44959 | Z34: =IF(AND(Table1[[#This Row],[SubscriptionStart]] <= TODAY(), Table1[[#This Row],[EffectiveEndDate]] >= TODAY()),1,0) -> 0 | AA34: =IF(AND(Table1[[#This Row],[SubscriptionStart]]<=Settings!$A$2,Table1[[#This Row],[EffectiveEndDate]]>=Settings!$A$2),1,0) -> 0 | AB34: =IF(AND(Table1[[#This Row],[SubscriptionStart]]<=Settings!$B$2,Table1[[#This Row],[EffectiveEndDate]]>=Settings!$B$2),1,0) -> 1 | AC34: =IF(AND(Table1[[#This Row],[SubscriptionStart]]<=Settings!$C$2,Table1[[#This Row],[EffectiveEndDate]]>=Settings!$C$2),1,0) -> 1 | AD34: =IF(AND(Table1[[#This Row],[SubscriptionStart]]<=Settings!$D$2,Table1[[#This Row],[EffectiveEndDate]]>=Settings!$D$2),1,0) -> 0 | AE34: =IF(AND(Table1[[#This Row],[SubscriptionStart]]<=Settings!$E$2,Table1[[#This Row],[EffectiveEndDate]]>=Settings!$E$2),1,0) -> 0
A35: CUST0178 | B35: 27 | C35: Female | D35: 44600 | E35: 44780 | F35: =TODAY() - Table1[[#This Row],[SubscriptionStart]] -> 1381 | G35: 6 | H35: 6-Month | I35: Basic | J35: {=_xlfn.IFS(Table1[[#This Row],[Tier]]="Basic",10,Table1[[#This Row],[Tier]]="Standard",18,Table1[[#This Row],[Tier]]="Premium",25)} -> 10 | K35: {=_xlfn.IFS(Table1[[#This Row],[SubType]]="Monthly",IF(Table1[[#This Row],[MonthsPaid]]<=12,Table1[[#This Row],[Monthly]]*0.9,Table1[[#This Row],[Monthly]]),Table1[[#This Row],[SubType]]="6-Month",IF(Table1[[#This Row],[MonthsPaid]]<=12,Table1[[#This Row],[Monthly]]*0.75*0.9,Table1[[#This Row],[Monthly]]*0.75),Table1[[#This Row],[SubType]]="12-Month",IF(Table1[[#This Row],[MonthsPaid]]<=12,Table1[[#This Row],[Monthly]]*(2/3)*0.9,Table1[[#This Row],[Monthly]]*(2/3)))} -> 6.75 | L35: {=ROUND(_xlfn.IFS(Table1[[#This Row],[SubType]]="Monthly",(MAX(MIN(Table1[[#This Row],[MonthsPaid]],12)-1,0)*Table1[[#This Row],[Monthly]]*0.9)+(MAX(Table1[[#This Row],[MonthsPaid]]-12,0)*Table1[[#This Row],[Monthly]]),Table1[[#This Row],[SubType]]="6-Month",(MIN(Table1[[#This Row],[MonthsPaid]],12)*Table1[[#This Row],[Monthly]]*0.75*0.9)+(MAX(Table1[[#This Row],[MonthsPaid]]-12,0)*Table1[[#This Row],[Monthly]]*0.75),Table1[[#This Row],[SubType]]="12-Month",(MIN(Table1[[#This Row],[MonthsPaid]],12)*Table1[[#This Row],[Monthly]]*(2/3)*0.9)+(MAX(Table1[[#This Row],[MonthsPaid]]-12,0)*Table1[[#This Row],[Monthly]]*(2/3))),2)} -> 40.5 | M35: {=_xlfn.IFS(Table1[[#This Row],[Age]]>70,"Elderly",Table1[[#This Row],[Age]]>59,"Senior",Table1[[#This Row],[Age]]>49,"Mature Adult",Table1[[#This Row],[Age]]>25,"Adult",Table1[[#This Row],[Age]]>=18,"Young Adult")} -> Adult | N35: Northern Ireland | O35: Social Media | P35: Other | Q35: {=_xlfn.IFS(Table1[[#This Row],[TotalRevenue]]<100,"Low",Table1[[#This Row],[TotalRevenue]]<300,"Medium",Table1[[#This Row],[TotalRevenue]]<600,"High",TRUE,"Very High")} -> Low | R35: {=_xlfn.IFS(Table1[[#This Row],[Age]]>69,"Elderly",Table1[[#This Row],[Age]]>59,"Mature Adult",Table1[[#This Row],[Age]]>25,"Adult",Table1[[#This Row],[Age]]>18,"Young Adult",Table1[[#This Row],[Age]]>=12,"Teenager")} -> Adult | S35: =IF(Table1[[#This Row],[NextBillingDate]]="","Cancelled",IF(Table1[[#This Row],[CancellationDate]]<>"","Cancelled","Active")) -> Cancelled | T35: {=IF(Table1[[#This Row],[ChurnStatus]]="Cancelled",Table1[[#This Row],[TotalRevenue]],Table1[[#This Row],[TotalRevenue]] + Table1[[#This Row],[Discounted]] * _xlfn.IFS(Table1[[#This Row],[SubType]]="Monthly",1,Table1[[#This Row],[SubType]]="6-Month",6-MOD(Table1[[#This Row],[MonthsPaid]],6),Table1[[#This Row],[SubType]]="12-Month",12-MOD(Table1[[#This Row],[MonthsPaid]],12)))} -> 40.5 | U35: 44780 | W35: 44780 | X35: 0 | Y35: =IF(Table1[[#This Row],[ChurnStatus]]="Cancelled",Table1[[#This Row],[CancellationDate]],TODAY()) -> 44780 | Z35: =IF(AND(Table1[[#This Row],[SubscriptionStart]] <= TODAY(), Table1[[#This Row],[EffectiveEndDate]] >= TODAY()),1,0) -> 0 | AA35: =IF(AND(Table1[[#This Row],[SubscriptionStart]]<=Settings!$A$2,Table1[[#This Row],[EffectiveEndDate]]>=Settings!$A$2),1,0) -> 0 | AB35: =IF(AND(Table1[[#This Row],[SubscriptionStart]]<=Settings!$B$2,Table1[[#This Row],[EffectiveEndDate]]>=Settings!$B$2),1,0) -> 1 | AC35: =IF(AND(Table1[[#This Row],[SubscriptionStart]]<=Settings!$C$2,Table1[[#This Row],[EffectiveEndDate]]>=Settings!$C$2),1,0) -> 0 | AD35: =IF(AND(Table1[[#This Row],[SubscriptionStart]]<=Settings!$D$2,Table1[[#This Row],[EffectiveEndDate]]>=Settings!$D$2),1,0) -> 0 | AE35: =IF(AND(Table1[[#This Row],[SubscriptionStart]]<=Settings!$E$2,Table1[[#This Row],[EffectiveEndDate]]>=Settings!$E$2),1,0) -> 0
A36: CUST0787 | B36: 32 | C36: Female | D36: 44601 | E36: 44781 | F36: =TODAY() - Table1[[#This Row],[SubscriptionStart]] -> 1380 | G36: 6 | H36: 6-Month | I36: Premium | J36: {=_xlfn.IFS(Table1[[#This Row],[Tier]]="Basic",10,Table1[[#This Row],[Tier]]="Standard",18,Table1[[#This Row],[Tier]]="Premium",25)} -> 25 | K36: {=_xlfn.IFS(Table1[[#This Row],[SubType]]="Monthly",IF(Table1[[#This Row],[MonthsPaid]]<=12,Table1[[#This Row],[Monthly]]*0.9,Table1[[#This Row],[Monthly]]),Table1[[#This Row],[SubType]]="6-Month",IF(Table1[[#This Row],[MonthsPaid]]<=12,Table1[[#This Row],[Monthly]]*0.75*0.9,Table1[[#This Row],[Monthly]]*0.75),Table1[[#This Row],[SubType]]="12-Month",IF(Table1[[#This Row],[MonthsPaid]]<=12,Table1[[#This Row],[Monthly]]*(2/3)*0.9,Table1[[#This Row],[Monthly]]*(2/3)))} -> 16.875 | L36: {=ROUND(_xlfn.IFS(Table1[[#This Row],[SubType]]="Monthly",(MAX(MIN(Table1[[#This Row],[MonthsPaid]],12)-1,0)*Table1[[#This Row],[Monthly]]*0.9)+(MAX(Table1[[#This Row],[MonthsPaid]]-12,0)*Table1[[#This Row],[Monthly]]),Table1[[#This Row],[SubType]]="6-Month",(MIN(Table1[[#This Row],[MonthsPaid]],12)*Table1[[#This Row],[Monthly]]*0.75*0.9)+(MAX(Table1[[#This Row],[MonthsPaid]]-12,0)*Table1[[#This Row],[Monthly]]*0.75),Table1[[#This Row],[SubType]]="12-Month",(MIN(Table1[[#This Row],[MonthsPaid]],12)*Table1[[#This Row],[Monthly]]*(2/3)*0.9)+(MAX(Table1[[#This Row],[MonthsPaid]]-12,0)*Table1[[#This Row],[Monthly]]*(2/3))),2)} -> 101.25 | M36: {=_xlfn.IFS(Table1[[#This Row],[Age]]>70,"Elderly",Table1[[#This Row],[Age]]>59,"Senior",Table1[[#This Row],[Age]]>49,"Mature Adult",Table1[[#This Row],[Age]]>25,"Adult",Table1[[#This Row],[Age]]>=18,"Young Adult")} -> Adult | N36: England | O36: Friend | P36: Too Expensive | Q36: {=_xlfn.IFS(Table1[[#This Row],[TotalRevenue]]<100,"Low",Table1[[#This Row],[TotalRevenue]]<300,"Medium",Table1[[#This Row],[TotalRevenue]]<600,"High",TRUE,"Very High")} -> Medium | R36: {=_xlfn.IFS(Table1[[#This Row],[Age]]>69,"Elderly",Table1[[#This Row],[Age]]>59,"Mature Adult",Table1[[#This Row],[Age]]>25,"Adult",Table1[[#This Row],[Age]]>18,"Young Adult",Table1[[#This Row],[Age]]>=12,"Teenager")} -> Adult | S36: =IF(Table1[[#This Row],[NextBillingDate]]="","Cancelled",IF(Table1[[#This Row],[CancellationDate]]<>"","Cancelled","Active")) -> Cancelled | T36: {=IF(Table1[[#This Row],[ChurnStatus]]="Cancelled",Table1[[#This Row],[TotalRevenue]],Table1[[#This Row],[TotalRevenue]] + Table1[[#This Row],[Discounted]] * _xlfn.IFS(Table1[[#This Row],[SubType]]="Monthly",1,Table1[[#This Row],[SubType]]="6-Month",6-MOD(Table1[[#This Row],[MonthsPaid]],6),Table1[[#This Row],[SubType]]="12-Month",12-MOD(Table1[[#This Row],[MonthsPaid]],12)))} -> 101.25 | U36: 44781 | W36: 44781 | X36: 0 | Y36: =IF(Table1[[#This Row],[ChurnStatus]]="Cancelled",Table1[[#This Row],[CancellationDate]],TODAY()) -> 44781 | Z36: =IF(AND(Table1[[#This Row],[SubscriptionStart]] <= TODAY(), Table1[[#This Row],[EffectiveEndDate]] >= TODAY()),1,0) -> 0 | AA36: =IF(AND(Table1[[#This Row],[SubscriptionStart]]<=Settings!$A$2,Table1[[#This Row],[EffectiveEndDate]]>=Settings!$A$2),1,0) -> 0 | AB36: =IF(AND(Table1[[#This Row],[SubscriptionStart]]<=Settings!$B$2,Table1[[#This Row],[EffectiveEndDate]]>=Settings!$B$2),1,0) -> 1 | AC36: =IF(AND(Table1[[#This Row],[SubscriptionStart]]<=Settings!$C$2,Table1[[#This Row],[EffectiveEndDate]]>=Settings!$C$2),1,0) -> 0 | AD36: =IF(AND(Table1[[#This Row],[SubscriptionStart]]<=Settings!$D$2,Table1[[#This Row],[EffectiveEndDate]]>=Settings!$D$2),1,0) -> 0 | AE36: =IF(AND(Table1[[#This Row],[SubscriptionStart]]<=Settings!$E$2,Table1[[#This Row],[EffectiveEndDate]]>=Settings!$E$2),1,0) -> 0
A37: CUST0460 | B37: 53 | C37: Male | D37: 44603 | E37: 44963 | F37: =TODAY() - Table1[[#This Row],[SubscriptionStart]] -> 1378 | G37: 12 | H37: 12-Month | I37: Standard | J37: {=_xlfn.IFS(Table1[[#This Row],[Tier]]="Basic",10,Table1[[#This Row],[Tier]]="Standard",18,Table1[[#This Row],[Tier]]="Premium",25)} -> 18 | K37: {=_xlfn.IFS(Table1[[#This Row],[SubType]]="Monthly",IF(Table1[[#This Row],[MonthsPaid]]<=12,Table1[[#This Row],[Monthly]]*0.9,Table1[[#This Row],[Monthly]]),Table1[[#This Row],[SubType]]="6-Month",IF(Table1[[#This Row],[MonthsPaid]]<=12,Table1[[#This Row],[Monthly]]*0.75*0.9,Table1[[#This Row],[Monthly]]*0.75),Table1[[#This Row],[SubType]]="12-Month",IF(Table1[[#This Row],[MonthsPaid]]<=12,Table1[[#This Row],[Monthly]]*(2/3)*0.9,Table1[[#This Row],[Monthly]]*(2/3)))} -> 10.8 | L37: {=ROUND(_xlfn.IFS(Table1[[#This Row],[SubType]]="Monthly",(MAX(MIN(Table1[[#This Row],[MonthsPaid]],12)-1,0)*Table1[[#This Row],[Monthly]]*0.9)+(MAX(Table1[[#This Row],[MonthsPaid]]-12,0)*Table1[[#This Row],[Monthly]]),Table1[[#This Row],[SubType]]="6-Month",(MIN(Table1[[#This Row],[MonthsPaid]],12)*Table1[[#This Row],[Monthly]]*0.75*0.9)+(MAX(Table1[[#This Row],[MonthsPaid]]-12,0)*Table1[[#This Row],[Monthly]]*0.75),Table1[[#This Row],[SubType]]="12-Month",(MIN(Table1[[#This Row],[MonthsPaid]],12)*Table1[[#This Row],[Monthly]]*(2/3)*0.9)+(MAX(Table1[[#This Row],[MonthsPaid]]-12,0)*Table1[[#This Row],[Monthly]]*(2/3))),2)} -> 129.6 | M37: {=_xlfn.IFS(Table1[[#This Row],[Age]]>70,"Elderly",Table1[[#This Row],[Age]]>59,"Senior",Table1[[#This Row],[Age]]>49,"Mature Adult",Table1[[#This Row],[Age]]>25,"Adult",Table1[[#This Row],[Age]]>=18,"Young Adult")} -> Mature Adult | N37: Scotland | O37: Social Media | P37: No Longer Needed | Q37: {=_xlfn.IFS(Table1[[#This Row],[TotalRevenue]]<100,"Low",Table1[[#This Row],[TotalRevenue]]<300,"Medium",Table1[[#This Row],[TotalRevenue]]<600,"High",TRUE,"Very High")} -> Medium | R37: {=_xlfn.IFS(Table1[[#This Row],[Age]]>69,"Elderly",Table1[[#This Row],[Age]]>59,"Mature Adult",Table1[[#This Row],[Age]]>25,"Adult",Table1[[#This Row],[Age]]>18,"Young Adult",Table1[[#This Row],[Age]]>=12,"Teenager")} -> Adult | S37: =IF(Table1[[#This Row],[NextBillingDate]]="","Cancelled",IF(Table1[[#This Row],[CancellationDate]]<>"","Cancelled","Active")) -> Cancelled | T37: {=IF(Table1[[#This Row],[ChurnStatus]]="Cancelled",Table1[[#This Row],[TotalRevenue]],Table1[[#This Row],[TotalRevenue]] + Table1[[#This Row],[Discounted]] * _xlfn.IFS(Table1[[#This Row],[SubType]]="Monthly",1,Table1[[#This Row],[SubType]]="6-Month",6-MOD(Table1[[#This Row],[MonthsPaid]],6),Table1[[#This Row],[SubType]]="12-Month",12-MOD(Table1[[#This Row],[MonthsPaid]],12)))} -> 129.6 | U37: 44963 | W37: 44963 | X37: 0 | Y37: =IF(Table1[[#This Row],[ChurnStatus]]="Cancelled",Table1[[#This Row],[CancellationDate]],TODAY()) -> 44963 | Z37: =IF(AND(Table1[[#This Row],[SubscriptionStart]] <= TODAY(), Table1[[#This Row],[EffectiveEndDate]] >= TODAY()),1,0) -> 0 | AA37: =IF(AND(Table1[[#This Row],[SubscriptionStart]]<=Settings!$A$2,Table1[[#This Row],[EffectiveEndDate]]>=Settings!$A$2),1,0) -> 0 | AB37: =IF(AND(Table1[[#This Row],[SubscriptionStart]]<=Settings!$B$2,Table1[[#This Row],[EffectiveEndDate]]>=Settings!$B$2),1,0) -> 1 | AC37: =IF(AND(Table1[[#This Row],[SubscriptionStart]]<=Settings!$C$2,Table1[[#This Row],[EffectiveEndDate]]>=Settings!$C$2),1,0) -> 1 | AD37: =IF(AND(Table1[[#This Row],[SubscriptionStart]]<=Settings!$D$2,Table1[[#This Row],[EffectiveEndDate]]>=Settings!$D$2),1,0) -> 0 | AE37: =IF(AND(Table1[[#This Row],[SubscriptionStart]]<=Settings!$E$2,Table1[[#This Row],[EffectiveEndDate]]>=Settings!$E$2),1,0) -> 0
A38: CUST0724 | B38: 72 | C38: Male | D38: 44606 | E38: 44966 | F38: =TODAY() - Table1[[#This Row],[SubscriptionStart]] -> 1375 | G38: 12 | H38: 12-Month | I38: Standard | J38: {=_xlfn.IFS(Table1[[#This Row],[Tier]]="Basic",10,Table1[[#This Row],[Tier]]="Standard",18,Table1[[#This Row],[Tier]]="Premium",25)} -> 18 | K38: {=_xlfn.IFS(Table1[[#This Row],[SubType]]="Monthly",IF(Table1[[#This Row],[MonthsPaid]]<=12,Table1[[#This Row],[Monthly]]*0.9,Table1[[#This Row],[Monthly]]),Table1[[#This Row],[SubType]]="6-Month",IF(Table1[[#This Row],[MonthsPaid]]<=12,Table1[[#This Row],[Monthly]]*0.75*0.9,Table1[[#This Row],[Monthly]]*0.75),Table1[[#This Row],[SubType]]="12-Month",IF(Table1[[#This Row],[MonthsPaid]]<=12,Table1[[#This Row],[Monthly]]*(2/3)*0.9,Table1[[#This Row],[Monthly]]*(2/3)))} -> 10.8 | L38: {=ROUND(_xlfn.IFS(Table1[[#This Row],[SubType]]="Monthly",(MAX(MIN(Table1[[#This Row],[MonthsPaid]],12)-1,0)*Table1[[#This Row],[Monthly]]*0.9)+(MAX(Table1[[#This Row],[MonthsPaid]]-12,0)*Table1[[#This Row],[Monthly]]),Table1[[#This Row],[SubType]]="6-Month",(MIN(Table1[[#This Row],[MonthsPaid]],12)*Table1[[#This Row],[Monthly]]*0.75*0.9)+(MAX(Table1[[#This Row],[MonthsPaid]]-12,0)*Table1[[#This Row],[Monthly]]*0.75),Table1[[#This Row],[SubType]]="12-Month",(MIN(Table1[[#This Row],[MonthsPaid]],12)*Table1[[#This Row],[Monthly]]*(2/3)*0.9)+(MAX(Table1[[#This Row],[MonthsPaid]]-12,0)*Table1[[#This Row],[Monthly]]*(2/3))),2)} -> 129.6 | M38: {=_xlfn.IFS(Table1[[#This Row],[Age]]>70,"Elderly",Table1[[#This Row],[Age]]>59,"Senior",Table1[[#This Row],[Age]]>49,"Mature Adult",Table1[[#This Row],[Age]]>25,"Adult",Table1[[#This Row],[Age]]>=18,"Young Adult")} -> Elderly | N38: England | O38: Email Campaign | P38: No Longer Needed | Q38: {=_xlfn.IFS(Table1[[#This Row],[TotalRevenue]]<100,"Low",Table1[[#This Row],[TotalRevenue]]<300,"Medium",Table1[[#This Row],[TotalRevenue]]<600,"High",TRUE,"Very High")} -> Medium | R38: {=_xlfn.IFS(Table1[[#This Row],[Age]]>69,"Elderly",Table1[[#This Row],[Age]]>59,"Mature Adult",Table1[[#This Row],[Age]]>25,"Adult",Table1[[#This Row],[Age]]>18,"Young Adult",Table1[[#This Row],[Age]]>=12,"Teenager")} -> Elderly | S38: =IF(Table1[[#This Row],[NextBillingDate]]="","Cancelled",IF(Table1[[#This Row],[CancellationDate]]<>"","Cancelled","Active")) -> Cancelled | T38: {=IF(Table1[[#This Row],[ChurnStatus]]="Cancelled",Table1[[#This Row],[TotalRevenue]],Table1[[#This Row],[TotalRevenue]] + Table1[[#This Row],[Discounted]] * _xlfn.IFS(Table1[[#This Row],[SubType]]="Monthly",1,Table1[[#This Row],[SubType]]="6-Month",6-MOD(Table1[[#This Row],[MonthsPaid]],6),Table1[[#This Row],[SubType]]="12-Month",12-MOD(Table1[[#This Row],[MonthsPaid]],12)))} -> 129.6 | U38: 44966 | W38: 44966 | X38: 0 | Y38: =IF(Table1[[#This Row],[ChurnStatus]]="Cancelled",Table1[[#This Row],[CancellationDate]],TODAY()) -> 44966 | Z38: =IF(AND(Table1[[#This Row],[SubscriptionStart]] <= TODAY(), Table1[[#This Row],[EffectiveEndDate]] >= TODAY()),1,0) -> 0 | AA38: =IF(AND(Table1[[#This Row],[SubscriptionStart]]<=Settings!$A$2,Table1[[#This Row],[EffectiveEndDate]]>=Settings!$A$2),1,0) -> 0 | AB38: =IF(AND(Table1[[#This Row],[SubscriptionStart]]<=Settings!$B$2,Table1[[#This Row],[EffectiveEndDate]]>=Settings!$B$2),1,0) -> 1 | AC38: =IF(AND(Table1[[#This Row],[SubscriptionStart]]<=Settings!$C$2,Table1[[#This Row],[EffectiveEndDate]]>=Settings!$C$2),1,0) -> 1 | AD38: =IF(AND(Table1[[#This Row],[SubscriptionStart]]<=Settings!$D$2,Table1[[#This Row],[EffectiveEndDate]]>=Settings!$D$2),1,0) -> 0 | AE38: =IF(AND(Table1[[#This Row],[SubscriptionStart]]<=Settings!$E$2,Table1[[#This Row],[EffectiveEndDate]]>=Settings!$E$2),1,0) -> 0
A39: CUST0459 | B39: 47 | C39: Male | D39: 44606 | F39: =TODAY() - Table1[[#This Row],[SubscriptionStart]] -> 1375 | G39: 48 | H39: 6-Month | I39: Basic | J39: {=_xlfn.IFS(Table1[[#This Row],[Tier]]="Basic",10,Table1[[#This Row],[Tier]]="Standard",18,Table1[[#This Row],[Tier]]="Premium",25)} -> 10 | K39: {=_xlfn.IFS(Table1[[#This Row],[SubType]]="Monthly",IF(Table1[[#This Row],[MonthsPaid]]<=12,Table1[[#This Row],[Monthly]]*0.9,Table1[[#This Row],[Monthly]]),Table1[[#This Row],[SubType]]="6-Month",IF(Table1[[#This Row],[MonthsPaid]]<=12,Table1[[#This Row],[Monthly]]*0.75*0.9,Table1[[#This Row],[Monthly]]*0.75),Table1[[#This Row],[SubType]]="12-Month",IF(Table1[[#This Row],[MonthsPaid]]<=12,Table1[[#This Row],[Monthly]]*(2/3)*0.9,Table1[[#This Row],[Monthly]]*(2/3)))} -> 7.5 | L39: {=ROUND(_xlfn.IFS(Table1[[#This Row],[SubType]]="Monthly",(MAX(MIN(Table1[[#This Row],[MonthsPaid]],12)-1,0)*Table1[[#This Row],[Monthly]]*0.9)+(MAX(Table1[[#This Row],[MonthsPaid]]-12,0)*Table1[[#This Row],[Monthly]]),Table1[[#This Row],[SubType]]="6-Month",(MIN(Table1[[#This Row],[MonthsPaid]],12)*Table1[[#This Row],[Monthly]]*0.75*0.9)+(MAX(Table1[[#This Row],[MonthsPaid]]-12,0)*Table1[[#This Row],[Monthly]]*0.75),Table1[[#This Row],[SubType]]="12-Month",(MIN(Table1[[#This Row],[MonthsPaid]],12)*Table1[[#This Row],[Monthly]]*(2/3)*0.9)+(MAX(Table1[[#This Row],[MonthsPaid]]-12,0)*Table1[[#This Row],[Monthly]]*(2/3))),2)} -> 351 | M39: {=_xlfn.IFS(Table1[[#This Row],[Age]]>70,"Elderly",Table1[[#This Row],[Age]]>59,"Senior",Table1[[#This Row],[Age]]>49,"Mature Adult",Table1[[#This Row],[Age]]>25,"Adult",Table1[[#This Row],[Age]]>=18,"Young Adult")} -> Adult | N39: Wales | O39: Social Media | Q39: {=_xlfn.IFS(Table1[[#This Row],[TotalRevenue]]<100,"Low",Table1[[#This Row],[TotalRevenue]]<300,"Medium",Table1[[#This Row],[TotalRevenue]]<600,"High",TRUE,"Very High")} -> High | R39: {=_xlfn.IFS(Table1[[#This Row],[Age]]>69,"Elderly",Table1[[#This Row],[Age]]>59,"Mature Adult",Table1[[#This Row],[Age]]>25,"Adult",Table1[[#This Row],[Age]]>18,"Young Adult",Table1[[#This Row],[Age]]>=12,"Teenager")} -> Adult | S39: =IF(Table1[[#This Row],[NextBillingDate]]="","Cancelled",IF(Table1[[#This Row],[CancellationDate]]<>"","Cancelled","Active")) -> Active | T39: {=IF(Table1[[#This Row],[ChurnStatus]]="Cancelled",Table1[[#This Row],[TotalRevenue]],Table1[[#This Row],[TotalRevenue]] + Table1[[#This Row],[Discounted]] * _xlfn.IFS(Table1[[#This Row],[SubType]]="Monthly",1,Table1[[#This Row],[SubType]]="6-Month",6-MOD(Table1[[#This Row],[MonthsPaid]],6),Table1[[#This Row],[SubType]]="12-Month",12-MOD(Table1[[#This Row],[MonthsPaid]],12)))} -> 396 | V39: 46046 | W39: 46046 | X39: 7 | Y39: =IF(Table1[[#This Row],[ChurnStatus]]="Cancelled",Table1[[#This Row],[CancellationDate]],TODAY()) -> 45981 | Z39: =IF(AND(Table1[[#This Row],[SubscriptionStart]] <= TODAY(), Table1[[#This Row],[EffectiveEndDate]] >= TODAY()),1,0) -> 1 | AA39: =IF(AND(Table1[[#This Row],[SubscriptionStart]]<=Settings!$A$2,Table1[[#This Row],[EffectiveEndDate]]>=Settings!$A$2),1,0) -> 0 | AB39: =IF(AND(Table1[[#This Row],[SubscriptionStart]]<=Settings!$B$2,Table1[[#This Row],[EffectiveEndDate]]>=Settings!$B$2),1,0) -> 1 | AC39: =IF(AND(Table1[[#This Row],[SubscriptionStart]]<=Settings!$C$2,Table1[[#This Row],[EffectiveEndDate]]>=Settings!$C$2),1,0) -> 1 | AD39: =IF(AND(Table1[[#This Row],[SubscriptionStart]]<=Settings!$D$2,Table1[[#This Row],[EffectiveEndDate]]>=Settings!$D$2),1,0) -> 1 | AE39: =IF(AND(Table1[[#This Row],[SubscriptionStart]]<=Settings!$E$2,Table1[[#This Row],[EffectiveEndDate]]>=Settings!$E$2),1,0) -> 1
A40: CUST0304 | B40: 21 | C40: Male | D40: 44607 | E40: 44787 | F40: =TODAY() - Table1[[#This Row],[SubscriptionStart]] -> 1374 | G40: 6 | H40: 6-Month | I40: Premium | J40: {=_xlfn.IFS(Table1[[#This Row],[Tier]]="Basic",10,Table1[[#This Row],[Tier]]="Standard",18,Table1[[#This Row],[Tier]]="Premium",25)} -> 25 | K40: {=_xlfn.IFS(Table1[[#This Row],[SubType]]="Monthly",IF(Table1[[#This Row],[MonthsPaid]]<=12,Table1[[#This Row],[Monthly]]*0.9,Table1[[#This Row],[Monthly]]),Table1[[#This Row],[SubType]]="6-Month",IF(Table1[[#This Row],[MonthsPaid]]<=12,Table1[[#This Row],[Monthly]]*0.75*0.9,Table1[[#This Row],[Monthly]]*0.75),Table1[[#This Row],[SubType]]="12-Month",IF(Table1[[#This Row],[MonthsPaid]]<=12,Table1[[#This Row],[Monthly]]*(2/3)*0.9,Table1[[#This Row],[Monthly]]*(2/3)))} -> 16.875 | L40: {=ROUND(_xlfn.IFS(Table1[[#This Row],[SubType]]="Monthly",(MAX(MIN(Table1[[#This Row],[MonthsPaid]],12)-1,0)*Table1[[#This Row],[Monthly]]*0.9)+(MAX(Table1[[#This Row],[MonthsPaid]]-12,0)*Table1[[#This Row],[Monthly]]),Table1[[#This Row],[SubType]]="6-Month",(MIN(Table1[[#This Row],[MonthsPaid]],12)*Table1[[#This Row],[Monthly]]*0.75*0.9)+(MAX(Table1[[#This Row],[MonthsPaid]]-12,0)*Table1[[#This Row],[Monthly]]*0.75),Table1[[#This Row],[SubType]]="12-Month",(MIN(Table1[[#This Row],[MonthsPaid]],12)*Table1[[#This Row],[Monthly]]*(2/3)*0.9)+(MAX(Table1[[#This Row],[MonthsPaid]]-12,0)*Table1[[#This Row],[Monthly]]*(2/3))),2)} -> 101.25 | M40: {=_xlfn.IFS(Table1[[#This Row],[Age]]>70,"Elderly",Table1[[#This Row],[Age]]>59,"Senior",Table1[[#This Row],[Age]]>49,"Mature Adult",Table1[[#This Row],[Age]]>25,"Adult",Table1[[#This Row],[Age]]>=18,"Young Adult")} -> Young Adult | N40: England | O40: Friend | P40: Switched Service | Q40: {=_xlfn.IFS(Table1[[#This Row],[TotalRevenue]]<100,"Low",Table1[[#This Row],[TotalRevenue]]<300,"Medium",Table1[[#This Row],[TotalRevenue]]<600,"High",TRUE,"Very High")} -> Medium | R40: {=_xlfn.IFS(Table1[[#This Row],[Age]]>69,"Elderly",Table1[[#This Row],[Age]]>59,"Mature Adult",Table1[[#This Row],[Age]]>25,"Adult",Table1[[#This Row],[Age]]>18,"Young Adult",Table1[[#This Row],[Age]]>=12,"Teenager")} -> Young Adult | S40: =IF(Table1[[#This Row],[NextBillingDate]]="","Cancelled",IF(Table1[[#This Row],[CancellationDate]]<>"","Cancelled","Active")) -> Cancelled | T40: {=IF(Table1[[#This Row],[ChurnStatus]]="Cancelled",Table1[[#This Row],[TotalRevenue]],Table1[[#This Row],[TotalRevenue]] + Table1[[#This Row],[Discounted]] * _xlfn.IFS(Table1[[#This Row],[SubType]]="Monthly",1,Table1[[#This Row],[SubType]]="6-Month",6-MOD(Table1[[#This Row],[MonthsPaid]],6),Table1[[#This Row],[SubType]]="12-Month",12-MOD(Table1[[#This Row],[MonthsPaid]],12)))} -> 101.25 | U40: 44787 | W40: 44787 | X40: 0 | Y40: =IF(Table1[[#This Row],[ChurnStatus]]="Cancelled",Table1[[#This Row],[CancellationDate]],TODAY()) -> 44787 | Z40: =IF(AND(Table1[[#This Row],[SubscriptionStart]] <= TODAY(), Table1[[#This Row],[EffectiveEndDate]] >= TODAY()),1,0) -> 0 | AA40: =IF(AND(Table1[[#This Row],[SubscriptionStart]]<=Settings!$A$2,Table1[[#This Row],[EffectiveEndDate]]>=Settings!$A$2),1,0) -> 0 | AB40: =IF(AND(Table1[[#This Row],[SubscriptionStart]]<=Settings!$B$2,Table1[[#This Row],[EffectiveEndDate]]>=Settings!$B$2),1,0) -> 1 | AC40: =IF(AND(Table1[[#This Row],[SubscriptionStart]]<=Settings!$C$2,Table1[[#This Row],[EffectiveEndDate]]>=Settings!$C$2),1,0) -> 0 | AD40: =IF(AND(Table1[[#This Row],[SubscriptionStart]]<=Settings!$D$2,Table1[[#This Row],[EffectiveEndDate]]>=Settings!$D$2),1,0) -> 0 | AE40: =IF(AND(Table1[[#This Row],[SubscriptionStart]]<=Settings!$E$2,Table1[[#This Row],[EffectiveEndDate]]>=Settings!$E$2),1,0) -> 0
A41: CUST0626 | B41: 29 | C41: Male | D41: 44607 | F41: =TODAY() - Table1[[#This Row],[SubscriptionStart]] -> 1374 | G41: 48 | H41: 12-Month | I41: Premium | J41: {=_xlfn.IFS(Table1[[#This Row],[Tier]]="Basic",10,Table1[[#This Row],[Tier]]="Standard",18,Table1[[#This Row],[Tier]]="Premium",25)} -> 25 | K41: {=_xlfn.IFS(Table1[[#This Row],[SubType]]="Monthly",IF(Table1[[#This Row],[MonthsPaid]]<=12,Table1[[#This Row],[Monthly]]*0.9,Table1[[#This Row],[Monthly]]),Table1[[#This Row],[SubType]]="6-Month",IF(Table1[[#This Row],[MonthsPaid]]<=12,Table1[[#This Row],[Monthly]]*0.75*0.9,Table1[[#This Row],[Monthly]]*0.75),Table1[[#This Row],[SubType]]="12-Month",IF(Table1[[#This Row],[MonthsPaid]]<=12,Table1[[#This Row],[Monthly]]*(2/3)*0.9,Table1[[#This Row],[Monthly]]*(2/3)))} -> 16.666667 | L41: {=ROUND(_xlfn.IFS(Table1[[#This Row],[SubType]]="Monthly",(MAX(MIN(Table1[[#This Row],[MonthsPaid]],12)-1,0)*Table1[[#This Row],[Monthly]]*0.9)+(MAX(Table1[[#This Row],[MonthsPaid]]-12,0)*Table1[[#This Row],[Monthly]]),Table1[[#This Row],[SubType]]="6-Month",(MIN(Table1[[#This Row],[MonthsPaid]],12)*Table1[[#This Row],[Monthly]]*0.75*0.9)+(MAX(Table1[[#This Row],[MonthsPaid]]-12,0)*Table1[[#This Row],[Monthly]]*0.75),Table1[[#This Row],[SubType]]="12-Month",(MIN(Table1[[#This Row],[MonthsPaid]],12)*Table1[[#This Row],[Monthly]]*(2/3)*0.9)+(MAX(Table1[[#This Row],[MonthsPaid]]-12,0)*Table1[[#This Row],[Monthly]]*(2/3))),2)} -> 780 | M41: {=_xlfn.IFS(Table1[[#This Row],[Age]]>70,"Elderly",Table1[[#This Row],[Age]]>59,"Senior",Table1[[#This Row],[Age]]>49,"Mature Adult",Table1[[#This Row],[Age]]>25,"Adult",Table1[[#This Row],[Age]]>=18,"Young Adult")} -> Adult | N41: Wales | O41: Search Engine | Q41: {=_xlfn.IFS(Table1[[#This Row],[TotalRevenue]]<100,"Low",Table1[[#This Row],[TotalRevenue]]<300,"Medium",Table1[[#This Row],[TotalRevenue]]<600,"High",TRUE,"Very High")} -> Very High | R41: {=_xlfn.IFS(Table1[[#This Row],[Age]]>69,"Elderly",Table1[[#This Row],[Age]]>59,"Mature Adult",Table1[[#This Row],[Age]]>25,"Adult",Table1[[#This Row],[Age]]>18,"Young Adult",Table1[[#This Row],[Age]]>=12,"Teenager")} -> Adult | S41: =IF(Table1[[#This Row],[NextBillingDate]]="","Cancelled",IF(Table1[[#This Row],[CancellationDate]]<>"","Cancelled","Active")) -> Active | T41: {=IF(Table1[[#This Row],[ChurnStatus]]="Cancelled",Table1[[#This Row],[TotalRevenue]],Table1[[#This Row],[TotalRevenue]] + Table1[[#This Row],[Discounted]] * _xlfn.IFS(Table1[[#This Row],[SubType]]="Monthly",1,Table1[[#This Row],[SubType]]="6-Month",6-MOD(Table1[[#This Row],[MonthsPaid]],6),Table1[[#This Row],[SubType]]="12-Month",12-MOD(Table1[[#This Row],[MonthsPaid]],12)))} -> 980 | V41: 46047 | W41: 46047 | X41: 3 | Y41: =IF(Table1[[#This Row],[ChurnStatus]]="Cancelled",Table1[[#This Row],[CancellationDate]],TODAY()) -> 45981 | Z41: =IF(AND(Table1[[#This Row],[SubscriptionStart]] <= TODAY(), Table1[[#This Row],[EffectiveEndDate]] >= TODAY()),1,0) -> 1 | AA41: =IF(AND(Table1[[#This Row],[SubscriptionStart]]<=Settings!$A$2,Table1[[#This Row],[EffectiveEndDate]]>=Settings!$A$2),1,0) -> 0 | AB41: =IF(AND(Table1[[#This Row],[SubscriptionStart]]<=Settings!$B$2,Table1[[#This Row],[EffectiveEndDate]]>=Settings!$B$2),1,0) -> 1 | AC41: =IF(AND(Table1[[#This Row],[SubscriptionStart]]<=Settings!$C$2,Table1[[#This Row],[EffectiveEndDate]]>=Settings!$C$2),1,0) -> 1 | AD41: =IF(AND(Table1[[#This Row],[SubscriptionStart]]<=Settings!$D$2,Table1[[#This Row],[EffectiveEndDate]]>=Settings!$D$2),1,0) -> 1 | AE41: =IF(AND(Table1[[#This Row],[SubscriptionStart]]<=Settings!$E$2,Table1[[#This Row],[EffectiveEndDate]]>=Settings!$E$2),1,0) -> 1
A42: CUST0387 | B42: 42 | C42: Male | D42: 44608 | E42: 44638 | F42: =TODAY() - Table1[[#This Row],[SubscriptionStart]] -> 1373 | G42: 1 | H42: Monthly | I42: Premium | J42: {=_xlfn.IFS(Table1[[#This Row],[Tier]]="Basic",10,Table1[[#This Row],[Tier]]="Standard",18,Table1[[#This Row],[Tier]]="Premium",25)} -> 25 | K42: {=_xlfn.IFS(Table1[[#This Row],[SubType]]="Monthly",IF(Table1[[#This Row],[MonthsPaid]]<=12,Table1[[#This Row],[Monthly]]*0.9,Table1[[#This Row],[Monthly]]),Table1[[#This Row],[SubType]]="6-Month",IF(Table1[[#This Row],[MonthsPaid]]<=12,Table1[[#This Row],[Monthly]]*0.75*0.9,Table1[[#This Row],[Monthly]]*0.75),Table1[[#This Row],[SubType]]="12-Month",IF(Table1[[#This Row],[MonthsPaid]]<=12,Table1[[#This Row],[Monthly]]*(2/3)*0.9,Table1[[#This Row],[Monthly]]*(2/3)))} -> 22.5 | L42: {=ROUND(_xlfn.IFS(Table1[[#This Row],[SubType]]="Monthly",(MAX(MIN(Table1[[#This Row],[MonthsPaid]],12)-1,0)*Table1[[#This Row],[Monthly]]*0.9)+(MAX(Table1[[#This Row],[MonthsPaid]]-12,0)*Table1[[#This Row],[Monthly]]),Table1[[#This Row],[SubType]]="6-Month",(MIN(Table1[[#This Row],[MonthsPaid]],12)*Table1[[#This Row],[Monthly]]*0.75*0.9)+(MAX(Table1[[#This Row],[MonthsPaid]]-12,0)*Table1[[#This Row],[Monthly]]*0.75),Table1[[#This Row],[SubType]]="12-Month",(MIN(Table1[[#This Row],[MonthsPaid]],12)*Table1[[#This Row],[Monthly]]*(2/3)*0.9)+(MAX(Table1[[#This Row],[MonthsPaid]]-12,0)*Table1[[#This Row],[Monthly]]*(2/3))),2)} -> 0 | M42: {=_xlfn.IFS(Table1[[#This Row],[Age]]>70,"Elderly",Table1[[#This Row],[Age]]>59,"Senior",Table1[[#This Row],[Age]]>49,"Mature Adult",Table1[[#This Row],[Age]]>25,"Adult",Table1[[#This Row],[Age]]>=18,"Young Adult")} -> Adult | N42: Scotland | O42: Social Media | P42: Switched Service | Q42: {=_xlfn.IFS(Table1[[#This Row],[TotalRevenue]]<100,"Low",Table1[[#This Row],[TotalRevenue]]<300,"Medium",Table1[[#This Row],[TotalRevenue]]<600,"High",TRUE,"Very High")} -> Low | R42: {=_xlfn.IFS(Table1[[#This Row],[Age]]>69,"Elderly",Table1[[#This Row],[Age]]>59,"Mature Adult",Table1[[#This Row],[Age]]>25,"Adult",Table1[[#This Row],[Age]]>18,"Young Adult",Table1[[#This Row],[Age]]>=12,"Teenager")} -> Adult | S42: =IF(Table1[[#This Row],[NextBillingDate]]="","Cancelled",IF(Table1[[#This Row],[CancellationDate]]<>"","Cancelled","Active")) -> Cancelled | T42: {=IF(Table1[[#This Row],[ChurnStatus]]="Cancelled",Table1[[#This Row],[TotalRevenue]],Table1[[#This Row],[TotalRevenue]] + Table1[[#This Row],[Discounted]] * _xlfn.IFS(Table1[[#This Row],[SubType]]="Monthly",1,Table1[[#This Row],[SubType]]="6-Month",6-MOD(Table1[[#This Row],[MonthsPaid]],6),Table1[[#This Row],[SubType]]="12-Month",12-MOD(Table1[[#This Row],[MonthsPaid]],12)))} -> 0 | U42: 44638 | W42: 44638 | X42: 0 | Y42: =IF(Table1[[#This Row],[ChurnStatus]]="Cancelled",Table1[[#This Row],[CancellationDate]],TODAY()) -> 44638 | Z42: =IF(AND(Table1[[#This Row],[SubscriptionStart]] <= TODAY(), Table1[[#This Row],[EffectiveEndDate]] >= TODAY()),1,0) -> 0 | AA42: =IF(AND(Table1[[#This Row],[SubscriptionStart]]<=Settings!$A$2,Table1[[#This Row],[EffectiveEndDate]]>=Settings!$A$2),1,0) -> 0 | AB42: =IF(AND(Table1[[#This Row],[SubscriptionStart]]<=Settings!$B$2,Table1[[#This Row],[EffectiveEndDate]]>=Settings!$B$2),1,0) -> 0 | AC42: =IF(AND(Table1[[#This Row],[SubscriptionStart]]<=Settings!$C$2,Table1[[#This Row],[EffectiveEndDate]]>=Settings!$C$2),1,0) -> 0 | AD42: =IF(AND(Table1[[#This Row],[SubscriptionStart]]<=Settings!$D$2,Table1[[#This Row],[EffectiveEndDate]]>=Settings!$D$2),1,0) -> 0 | AE42: =IF(AND(Table1[[#This Row],[SubscriptionStart]]<=Settings!$E$2,Table1[[#This Row],[EffectiveEndDate]]>=Settings!$E$2),1,0) -> 0
A43: CUST0707 | B43: 39 | C43: Male | D43: 44608 | E43: 44788 | F43: =TODAY() - Table1[[#This Row],[SubscriptionStart]] -> 1373 | G43: 6 | H43: 6-Month | I43: Basic | J43: {=_xlfn.IFS(Table1[[#This Row],[Tier]]="Basic",10,Table1[[#This Row],[Tier]]="Standard",18,Table1[[#This Row],[Tier]]="Premium",25)} -> 10 | K43: {=_xlfn.IFS(Table1[[#This Row],[SubType]]="Monthly",IF(Table1[[#This Row],[MonthsPaid]]<=12,Table1[[#This Row],[Monthly]]*0.9,Table1[[#This Row],[Monthly]]),Table1[[#This Row],[SubType]]="6-Month",IF(Table1[[#This Row],[MonthsPaid]]<=12,Table1[[#This Row],[Monthly]]*0.75*0.9,Table1[[#This Row],[Monthly]]*0.75),Table1[[#This Row],[SubType]]="12-Month",IF(Table1[[#This Row],[MonthsPaid]]<=12,Table1[[#This Row],[Monthly]]*(2/3)*0.9,Table1[[#This Row],[Monthly]]*(2/3)))} -> 6.75 | L43: {=ROUND(_xlfn.IFS(Table1[[#This Row],[SubType]]="Monthly",(MAX(MIN(Table1[[#This Row],[MonthsPaid]],12)-1,0)*Table1[[#This Row],[Monthly]]*0.9)+(MAX(Table1[[#This Row],[MonthsPaid]]-12,0)*Table1[[#This Row],[Monthly]]),Table1[[#This Row],[SubType]]="6-Month",(MIN(Table1[[#This Row],[MonthsPaid]],12)*Table1[[#This Row],[Monthly]]*0.75*0.9)+(MAX(Table1[[#This Row],[MonthsPaid]]-12,0)*Table1[[#This Row],[Monthly]]*0.75),Table1[[#This Row],[SubType]]="12-Month",(MIN(Table1[[#This Row],[MonthsPaid]],12)*Table1[[#This Row],[Monthly]]*(2/3)*0.9)+(MAX(Table1[[#This Row],[MonthsPaid]]-12,0)*Table1[[#This Row],[Monthly]]*(2/3))),2)} -> 40.5 | M43: {=_xlfn.IFS(Table1[[#This Row],[Age]]>70,"Elderly",Table1[[#This Row],[Age]]>59,"Senior",Table1[[#This Row],[Age]]>49,"Mature Adult",Table1[[#This Row],[Age]]>25,"Adult",Table1[[#This Row],[Age]]>=18,"Young Adult")} -> Adult | N43: Northern Ireland | O43: Social Media | P43: Poor Experience | Q43: {=_xlfn.IFS(Table1[[#This Row],[TotalRevenue]]<100,"Low",Table1[[#This Row],[TotalRevenue]]<300,"Medium",Table1[[#This Row],[TotalRevenue]]<600,"High",TRUE,"Very High")} -> Low | R43: {=_xlfn.IFS(Table1[[#This Row],[Age]]>69,"Elderly",Table1[[#This Row],[Age]]>59,"Mature Adult",Table1[[#This Row],[Age]]>25,"Adult",Table1[[#This Row],[Age]]>18,"Young Adult",Table1[[#This Row],[Age]]>=12,"Teenager")} -> Adult | S43: =IF(Table1[[#This Row],[NextBillingDate]]="","Cancelled",IF(Table1[[#This Row],[CancellationDate]]<>"","Cancelled","Active")) -> Cancelled | T43: {=IF(Table1[[#This Row],[ChurnStatus]]="Cancelled",Table1[[#This Row],[TotalRevenue]],Table1[[#This Row],[TotalRevenue]] + Table1[[#This Row],[Discounted]] * _xlfn.IFS(Table1[[#This Row],[SubType]]="Monthly",1,Table1[[#This Row],[SubType]]="6-Month",6-MOD(Table1[[#This Row],[MonthsPaid]],6),Table1[[#This Row],[SubType]]="12-Month",12-MOD(Table1[[#This Row],[MonthsPaid]],12)))} -> 40.5 | U43: 44788 | W43: 44788 | X43: 0 | Y43: =IF(Table1[[#This Row],[ChurnStatus]]="Cancelled",Table1[[#This Row],[CancellationDate]],TODAY()) -> 44788 | Z43: =IF(AND(Table1[[#This Row],[SubscriptionStart]] <= TODAY(), Table1[[#This Row],[EffectiveEndDate]] >= TODAY()),1,0) -> 0 | AA43: =IF(AND(Table1[[#This Row],[SubscriptionStart]]<=Settings!$A$2,Table1[[#This Row],[EffectiveEndDate]]>=Settings!$A$2),1,0) -> 0 | AB43: =IF(AND(Table1[[#This Row],[SubscriptionStart]]<=Settings!$B$2,Table1[[#This Row],[EffectiveEndDate]]>=Settings!$B$2),1,0) -> 1 | AC43: =IF(AND(Table1[[#This Row],[SubscriptionStart]]<=Settings!$C$2,Table1[[#This Row],[EffectiveEndDate]]>=Settings!$C$2),1,0) -> 0 | AD43: =IF(AND(Table1[[#This Row],[SubscriptionStart]]<=Settings!$D$2,Table1[[#This Row],[EffectiveEndDate]]>=Settings!$D$2),1,0) -> 0 | AE43: =IF(AND(Table1[[#This Row],[SubscriptionStart]]<=Settings!$E$2,Table1[[#This Row],[EffectiveEndDate]]>=Settings!$E$2),1,0) -> 0
A44: CUST0590 | B44: 42 | C44: Female | D44: 44609 | F44: =TODAY() - Table1[[#This Row],[SubscriptionStart]] -> 1372 | G44: 46 | H44: Monthly | I44: Premium | J44: {=_xlfn.IFS(Table1[[#This Row],[Tier]]="Basic",10,Table1[[#This Row],[Tier]]="Standard",18,Table1[[#This Row],[Tier]]="Premium",25)} -> 25 | K44: {=_xlfn.IFS(Table1[[#This Row],[SubType]]="Monthly",IF(Table1[[#This Row],[MonthsPaid]]<=12,Table1[[#This Row],[Monthly]]*0.9,Table1[[#This Row],[Monthly]]),Table1[[#This Row],[SubType]]="6-Month",IF(Table1[[#This Row],[MonthsPaid]]<=12,Table1[[#This Row],[Monthly]]*0.75*0.9,Table1[[#This Row],[Monthly]]*0.75),Table1[[#This Row],[SubType]]="12-Month",IF(Table1[[#This Row],[MonthsPaid]]<=12,Table1[[#This Row],[Monthly]]*(2/3)*0.9,Table1[[#This Row],[Monthly]]*(2/3)))} -> 25 | L44: {=ROUND(_xlfn.IFS(Table1[[#This Row],[SubType]]="Monthly",(MAX(MIN(Table1[[#This Row],[MonthsPaid]],12)-1,0)*Table1[[#This Row],[Monthly]]*0.9)+(MAX(Table1[[#This Row],[MonthsPaid]]-12,0)*Table1[[#This Row],[Monthly]]),Table1[[#This Row],[SubType]]="6-Month",(MIN(Table1[[#This Row],[MonthsPaid]],12)*Table1[[#This Row],[Monthly]]*0.75*0.9)+(MAX(Table1[[#This Row],[MonthsPaid]]-12,0)*Table1[[#This Row],[Monthly]]*0.75),Table1[[#This Row],[SubType]]="12-Month",(MIN(Table1[[#This Row],[MonthsPaid]],12)*Table1[[#This Row],[Monthly]]*(2/3)*0.9)+(MAX(Table1[[#This Row],[MonthsPaid]]-12,0)*Table1[[#This Row],[Monthly]]*(2/3))),2)} -> 1097.5 | M44: {=_xlfn.IFS(Table1[[#This Row],[Age]]>70,"Elderly",Table1[[#This Row],[Age]]>59,"Senior",Table1[[#This Row],[Age]]>49,"Mature Adult",Table1[[#This Row],[Age]]>25,"Adult",Table1[[#This Row],[Age]]>=18,"Young Adult")} -> Adult | N44: Wales | O44: Friend | Q44: {=_xlfn.IFS(Table1[[#This Row],[TotalRevenue]]<100,"Low",Table1[[#This Row],[TotalRevenue]]<300,"Medium",Table1[[#This Row],[TotalRevenue]]<600,"High",TRUE,"Very High")} -> Very High | R44: {=_xlfn.IFS(Table1[[#This Row],[Age]]>69,"Elderly",Table1[[#This Row],[Age]]>59,"Mature Adult",Table1[[#This Row],[Age]]>25,"Adult",Table1[[#This Row],[Age]]>18,"Young Adult",Table1[[#This Row],[Age]]>=12,"Teenager")} -> Adult | S44: =IF(Table1[[#This Row],[NextBillingDate]]="","Cancelled",IF(Table1[[#This Row],[CancellationDate]]<>"","Cancelled","Active")) -> Active | T44: {=IF(Table1[[#This Row],[ChurnStatus]]="Cancelled",Table1[[#This Row],[TotalRevenue]],Table1[[#This Row],[TotalRevenue]] + Table1[[#This Row],[Discounted]] * _xlfn.IFS(Table1[[#This Row],[SubType]]="Monthly",1,Table1[[#This Row],[SubType]]="6-Month",6-MOD(Table1[[#This Row],[MonthsPaid]],6),Table1[[#This Row],[SubType]]="12-Month",12-MOD(Table1[[#This Row],[MonthsPaid]],12)))} -> 1122.5 | V44: 45989 | W44: 45989 | X44: 45 | Y44: =IF(Table1[[#This Row],[ChurnStatus]]="Cancelled",Table1[[#This Row],[CancellationDate]],TODAY()) -> 45981 | Z44: =IF(AND(Table1[[#This Row],[SubscriptionStart]] <= TODAY(), Table1[[#This Row],[EffectiveEndDate]] >= TODAY()),1,0) -> 1 | AA44: =IF(AND(Table1[[#This Row],[SubscriptionStart]]<=Settings!$A$2,Table1[[#This Row],[EffectiveEndDate]]>=Settings!$A$2),1,0) -> 0 | AB44: =IF(AND(Table1[[#This Row],[SubscriptionStart]]<=Settings!$B$2,Table1[[#This Row],[EffectiveEndDate]]>=Settings!$B$2),1,0) -> 1 | AC44: =IF(AND(Table1[[#This Row],[SubscriptionStart]]<=Settings!$C$2,Table1[[#This Row],[EffectiveEndDate]]>=Settings!$C$2),1,0) -> 1 | AD44: =IF(AND(Table1[[#This Row],[SubscriptionStart]]<=Settings!$D$2,Table1[[#This Row],[EffectiveEndDate]]>=Settings!$D$2),1,0) -> 1 | AE44: =IF(AND(Table1[[#This Row],[SubscriptionStart]]<=Settings!$E$2,Table1[[#This Row],[EffectiveEndDate]]>=Settings!$E$2),1,0) -> 1
A45: CUST0785 | B45: 48 | C45: Male | D45: 44610 | E45: 44790 | F45: =TODAY() - Table1[[#This Row],[SubscriptionStart]] -> 1371 | G45: 6 | H45: 6-Month | I45: Basic | J45: {=_xlfn.IFS(Table1[[#This Row],[Tier]]="Basic",10,Table1[[#This Row],[Tier]]="Standard",18,Table1[[#This Row],[Tier]]="Premium",25)} -> 10 | K45: {=_xlfn.IFS(Table1[[#This Row],[SubType]]="Monthly",IF(Table1[[#This Row],[MonthsPaid]]<=12,Table1[[#This Row],[Monthly]]*0.9,Table1[[#This Row],[Monthly]]),Table1[[#This Row],[SubType]]="6-Month",IF(Table1[[#This Row],[MonthsPaid]]<=12,Table1[[#This Row],[Monthly]]*0.75*0.9,Table1[[#This Row],[Monthly]]*0.75),Table1[[#This Row],[SubType]]="12-Month",IF(Table1[[#This Row],[MonthsPaid]]<=12,Table1[[#This Row],[Monthly]]*(2/3)*0.9,Table1[[#This Row],[Monthly]]*(2/3)))} -> 6.75 | L45: {=ROUND(_xlfn.IFS(Table1[[#This Row],[SubType]]="Monthly",(MAX(MIN(Table1[[#This Row],[MonthsPaid]],12)-1,0)*Table1[[#This Row],[Monthly]]*0.9)+(MAX(Table1[[#This Row],[MonthsPaid]]-12,0)*Table1[[#This Row],[Monthly]]),Table1[[#This Row],[SubType]]="6-Month",(MIN(Table1[[#This Row],[MonthsPaid]],12)*Table1[[#This Row],[Monthly]]*0.75*0.9)+(MAX(Table1[[#This Row],[MonthsPaid]]-12,0)*Table1[[#This Row],[Monthly]]*0.75),Table1[[#This Row],[SubType]]="12-Month",(MIN(Table1[[#This Row],[MonthsPaid]],12)*Table1[[#This Row],[Monthly]]*(2/3)*0.9)+(MAX(Table1[[#This Row],[MonthsPaid]]-12,0)*Table1[[#This Row],[Monthly]]*(2/3))),2)} -> 40.5 | M45: {=_xlfn.IFS(Table1[[#This Row],[Age]]>70,"Elderly",Table1[[#This Row],[Age]]>59,"Senior",Table1[[#This Row],[Age]]>49,"Mature Adult",Table1[[#This Row],[Age]]>25,"Adult",Table1[[#This Row],[Age]]>=18,"Young Adult")} -> Adult | N45: Northern Ireland | O45: Search Engine | P45: Too Expensive | Q45: {=_xlfn.IFS(Table1[[#This Row],[TotalRevenue]]<100,"Low",Table1[[#This Row],[TotalRevenue]]<300,"Medium",Table1[[#This Row],[TotalRevenue]]<600,"High",TRUE,"Very High")} -> Low | R45: {=_xlfn.IFS(Table1[[#This Row],[Age]]>69,"Elderly",Table1[[#This Row],[Age]]>59,"Mature Adult",Table1[[#This Row],[Age]]>25,"Adult",Table1[[#This Row],[Age]]>18,"Young Adult",Table1[[#This Row],[Age]]>=12,"Teenager")} -> Adult | S45: =IF(Table1[[#This Row],[NextBillingDate]]="","Cancelled",IF(Table1[[#This Row],[CancellationDate]]<>"","Cancelled","Active")) -> Cancelled | T45: {=IF(Table1[[#This Row],[ChurnStatus]]="Cancelled",Table1[[#This Row],[TotalRevenue]],Table1[[#This Row],[TotalRevenue]] + Table1[[#This Row],[Discounted]] * _xlfn.IFS(Table1[[#This Row],[SubType]]="Monthly",1,Table1[[#This Row],[SubType]]="6-Month",6-MOD(Table1[[#This Row],[MonthsPaid]],6),Table1[[#This Row],[SubType]]="12-Month",12-MOD(Table1[[#This Row],[MonthsPaid]],12)))} -> 40.5 | U45: 44790 | W45: 44790 | X45: 0 | Y45: =IF(Table1[[#This Row],[ChurnStatus]]="Cancelled",Table1[[#This Row],[CancellationDate]],TODAY()) -> 44790 | Z45: =IF(AND(Table1[[#This Row],[SubscriptionStart]] <= TODAY(), Table1[[#This Row],[EffectiveEndDate]] >= TODAY()),1,0) -> 0 | AA45: =IF(AND(Table1[[#This Row],[SubscriptionStart]]<=Settings!$A$2,Table1[[#This Row],[EffectiveEndDate]]>=Settings!$A$2),1,0) -> 0 | AB45: =IF(AND(Table1[[#This Row],[SubscriptionStart]]<=Settings!$B$2,Table1[[#This Row],[EffectiveEndDate]]>=Settings!$B$2),1,0) -> 1 | AC45: =IF(AND(Table1[[#This Row],[SubscriptionStart]]<=Settings!$C$2,Table1[[#This Row],[EffectiveEndDate]]>=Settings!$C$2),1,0) -> 0 | AD45: =IF(AND(Table1[[#This Row],[SubscriptionStart]]<=Settings!$D$2,Table1[[#This Row],[EffectiveEndDate]]>=Settings!$D$2),1,0) -> 0 | AE45: =IF(AND(Table1[[#This Row],[SubscriptionStart]]<=Settings!$E$2,Table1[[#This Row],[EffectiveEndDate]]>=Settings!$E$2),1,0) -> 0
A46: CUST0307 | B46: 70 | C46: Female | D46: 44610 | F46: =TODAY() - Table1[[#This Row],[SubscriptionStart]] -> 1371 | G46: 48 | H46: 12-Month | I46: Basic | J46: {=_xlfn.IFS(Table1[[#This Row],[Tier]]="Basic",10,Table1[[#This Row],[Tier]]="Standard",18,Table1[[#This Row],[Tier]]="Premium",25)} -> 10 | K46: {=_xlfn.IFS(Table1[[#This Row],[SubType]]="Monthly",IF(Table1[[#This Row],[MonthsPaid]]<=12,Table1[[#This Row],[Monthly]]*0.9,Table1[[#This Row],[Monthly]]),Table1[[#This Row],[SubType]]="6-Month",IF(Table1[[#This Row],[MonthsPaid]]<=12,Table1[[#This Row],[Monthly]]*0.75*0.9,Table1[[#This Row],[Monthly]]*0.75),Table1[[#This Row],[SubType]]="12-Month",IF(Table1[[#This Row],[MonthsPaid]]<=12,Table1[[#This Row],[Monthly]]*(2/3)*0.9,Table1[[#This Row],[Monthly]]*(2/3)))} -> 6.6666667 | L46: {=ROUND(_xlfn.IFS(Table1[[#This Row],[SubType]]="Monthly",(MAX(MIN(Table1[[#This Row],[MonthsPaid]],12)-1,0)*Table1[[#This Row],[Monthly]]*0.9)+(MAX(Table1[[#This Row],[MonthsPaid]]-12,0)*Table1[[#This Row],[Monthly]]),Table1[[#This Row],[SubType]]="6-Month",(MIN(Table1[[#This Row],[MonthsPaid]],12)*Table1[[#This Row],[Monthly]]*0.75*0.9)+(MAX(Table1[[#This Row],[MonthsPaid]]-12,0)*Table1[[#This Row],[Monthly]]*0.75),Table1[[#This Row],[SubType]]="12-Month",(MIN(Table1[[#This Row],[MonthsPaid]],12)*Table1[[#This Row],[Monthly]]*(2/3)*0.9)+(MAX(Table1[[#This Row],[MonthsPaid]]-12,0)*Table1[[#This Row],[Monthly]]*(2/3))),2)} -> 312 | M46: {=_xlfn.IFS(Table1[[#This Row],[Age]]>70,"Elderly",Table1[[#This Row],[Age]]>59,"Senior",Table1[[#This Row],[Age]]>49,"Mature Adult",Table1[[#This Row],[Age]]>25,"Adult",Table1[[#This Row],[Age]]>=18,"Young Adult")} -> Senior | N46: England | O46: Social Media | Q46: {=_xlfn.IFS(Table1[[#This Row],[TotalRevenue]]<100,"Low",Table1[[#This Row],[TotalRevenue]]<300,"Medium",Table1[[#This Row],[TotalRevenue]]<600,"High",TRUE,"Very High")} -> High | R46: {=_xlfn.IFS(Table1[[#This Row],[Age]]>69,"Elderly",Table1[[#This Row],[Age]]>59,"Mature Adult",Table1[[#This Row],[Age]]>25,"Adult",Table1[[#This Row],[Age]]>18,"Young Adult",Table1[[#This Row],[Age]]>=12,"Teenager")} -> Elderly | S46: =IF(Table1[[#This Row],[NextBillingDate]]="","Cancelled",IF(Table1[[#This Row],[CancellationDate]]<>"","Cancelled","Active")) -> Active | T46: {=IF(Table1[[#This Row],[ChurnStatus]]="Cancelled",Table1[[#This Row],[TotalRevenue]],Table1[[#This Row],[TotalRevenue]] + Table1[[#This Row],[Discounted]] * _xlfn.IFS(Table1[[#This Row],[SubType]]="Monthly",1,Table1[[#This Row],[SubType]]="6-Month",6-MOD(Table1[[#This Row],[MonthsPaid]],6),Table1[[#This Row],[SubType]]="12-Month",12-MOD(Table1[[#This Row],[MonthsPaid]],12)))} -> 392 | V46: 46050 | W46: 46050 | X46: 3 | Y46: =IF(Table1[[#This Row],[ChurnStatus]]="Cancelled",Table1[[#This Row],[CancellationDate]],TODAY()) -> 45981 | Z46: =IF(AND(Table1[[#This Row],[SubscriptionStart]] <= TODAY(), Table1[[#This Row],[EffectiveEndDate]] >= TODAY()),1,0) -> 1 | AA46: =IF(AND(Table1[[#This Row],[SubscriptionStart]]<=Settings!$A$2,Table1[[#This Row],[EffectiveEndDate]]>=Settings!$A$2),1,0) -> 0 | AB46: =IF(AND(Table1[[#This Row],[SubscriptionStart]]<=Settings!$B$2,Table1[[#This Row],[EffectiveEndDate]]>=Settings!$B$2),1,0) -> 1 | AC46: =IF(AND(Table1[[#This Row],[SubscriptionStart]]<=Settings!$C$2,Table1[[#This Row],[EffectiveEndDate]]>=Settings!$C$2),1,0) -> 1 | AD46: =IF(AND(Table1[[#This Row],[SubscriptionStart]]<=Settings!$D$2,Table1[[#This Row],[EffectiveEndDate]]>=Settings!$D$2),1,0) -> 1 | AE46: =IF(AND(Table1[[#This Row],[SubscriptionStart]]<=Settings!$E$2,Table1[[#This Row],[EffectiveEndDate]]>=Settings!$E$2),1,0) -> 1
A47: CUST0417 | B47: 33 | C47: Female | D47: 44610 | F47: =TODAY() - Table1[[#This Row],[SubscriptionStart]] -> 1371 | G47: 48 | H47: 12-Month | I47: Premium | J47: {=_xlfn.IFS(Table1[[#This Row],[Tier]]="Basic",10,Table1[[#This Row],[Tier]]="Standard",18,Table1[[#This Row],[Tier]]="Premium",25)} -> 25 | K47: {=_xlfn.IFS(Table1[[#This Row],[SubType]]="Monthly",IF(Table1[[#This Row],[MonthsPaid]]<=12,Table1[[#This Row],[Monthly]]*0.9,Table1[[#This Row],[Monthly]]),Table1[[#This Row],[SubType]]="6-Month",IF(Table1[[#This Row],[MonthsPaid]]<=12,Table1[[#This Row],[Monthly]]*0.75*0.9,Table1[[#This Row],[Monthly]]*0.75),Table1[[#This Row],[SubType]]="12-Month",IF(Table1[[#This Row],[MonthsPaid]]<=12,Table1[[#This Row],[Monthly]]*(2/3)*0.9,Table1[[#This Row],[Monthly]]*(2/3)))} -> 16.666667 | L47: {=ROUND(_xlfn.IFS(Table1[[#This Row],[SubType]]="Monthly",(MAX(MIN(Table1[[#This Row],[MonthsPaid]],12)-1,0)*Table1[[#This Row],[Monthly]]*0.9)+(MAX(Table1[[#This Row],[MonthsPaid]]-12,0)*Table1[[#This Row],[Monthly]]),Table1[[#This Row],[SubType]]="6-Month",(MIN(Table1[[#This Row],[MonthsPaid]],12)*Table1[[#This Row],[Monthly]]*0.75*0.9)+(MAX(Table1[[#This Row],[MonthsPaid]]-12,0)*Table1[[#This Row],[Monthly]]*0.75),Table1[[#This Row],[SubType]]="12-Month",(MIN(Table1[[#This Row],[MonthsPaid]],12)*Table1[[#This Row],[Monthly]]*(2/3)*0.9)+(MAX(Table1[[#This Row],[MonthsPaid]]-12,0)*Table1[[#This Row],[Monthly]]*(2/3))),2)} -> 780 | M47: {=_xlfn.IFS(Table1[[#This Row],[Age]]>70,"Elderly",Table1[[#This Row],[Age]]>59,"Senior",Table1[[#This Row],[Age]]>49,"Mature Adult",Table1[[#This Row],[Age]]>25,"Adult",Table1[[#This Row],[Age]]>=18,"Young Adult")} -> Adult | N47: Wales | O47: None | Q47: {=_xlfn.IFS(Table1[[#This Row],[TotalRevenue]]<100,"Low",Table1[[#This Row],[TotalRevenue]]<300,"Medium",Table1[[#This Row],[TotalRevenue]]<600,"High",TRUE,"Very High")} -> Very High | R47: {=_xlfn.IFS(Table1[[#This Row],[Age]]>69,"Elderly",Table1[[#This Row],[Age]]>59,"Mature Adult",Table1[[#This Row],[Age]]>25,"Adult",Table1[[#This Row],[Age]]>18,"Young Adult",Table1[[#This Row],[Age]]>=12,"Teenager")} -> Adult | S47: =IF(Table1[[#This Row],[NextBillingDate]]="","Cancelled",IF(Table1[[#This Row],[CancellationDate]]<>"","Cancelled","Active")) -> Active | T47: {=IF(Table1[[#This Row],[ChurnStatus]]="Cancelled",Table1[[#This Row],[TotalRevenue]],Table1[[#This Row],[TotalRevenue]] + Table1[[#This Row],[Discounted]] * _xlfn.IFS(Table1[[#This Row],[SubType]]="Monthly",1,Table1[[#This Row],[SubType]]="6-Month",6-MOD(Table1[[#This Row],[MonthsPaid]],6),Table1[[#This Row],[SubType]]="12-Month",12-MOD(Table1[[#This Row],[MonthsPaid]],12)))} -> 980 | V47: 46050 | W47: 46050 | X47: 3 | Y47: =IF(Table1[[#This Row],[ChurnStatus]]="Cancelled",Table1[[#This Row],[CancellationDate]],TODAY()) -> 45981 | Z47: =IF(AND(Table1[[#This Row],[SubscriptionStart]] <= TODAY(), Table1[[#This Row],[EffectiveEndDate]] >= TODAY()),1,0) -> 1 | AA47: =IF(AND(Table1[[#This Row],[SubscriptionStart]]<=Settings!$A$2,Table1[[#This Row],[EffectiveEndDate]]>=Settings!$A$2),1,0) -> 0 | AB47: =IF(AND(Table1[[#This Row],[SubscriptionStart]]<=Settings!$B$2,Table1[[#This Row],[EffectiveEndDate]]>=Settings!$B$2),1,0) -> 1 | AC47: =IF(AND(Table1[[#This Row],[SubscriptionStart]]<=Settings!$C$2,Table1[[#This Row],[EffectiveEndDate]]>=Settings!$C$2),1,0) -> 1 | AD47: =IF(AND(Table1[[#This Row],[SubscriptionStart]]<=Settings!$D$2,Table1[[#This Row],[EffectiveEndDate]]>=Settings!$D$2),1,0) -> 1 | AE47: =IF(AND(Table1[[#This Row],[SubscriptionStart]]<=Settings!$E$2,Table1[[#This Row],[EffectiveEndDate]]>=Settings!$E$2),1,0) -> 1
A48: CUST0328 | B48: 59 | C48: Male | D48: 44615 | E48: 44975 | F48: =TODAY() - Table1[[#This Row],[SubscriptionStart]] -> 1366 | G48: 12 | H48: 12-Month | I48: Standard | J48: {=_xlfn.IFS(Table1[[#This Row],[Tier]]="Basic",10,Table1[[#This Row],[Tier]]="Standard",18,Table1[[#This Row],[Tier]]="Premium",25)} -> 18 | K48: {=_xlfn.IFS(Table1[[#This Row],[SubType]]="Monthly",IF(Table1[[#This Row],[MonthsPaid]]<=12,Table1[[#This Row],[Monthly]]*0.9,Table1[[#This Row],[Monthly]]),Table1[[#This Row],[SubType]]="6-Month",IF(Table1[[#This Row],[MonthsPaid]]<=12,Table1[[#This Row],[Monthly]]*0.75*0.9,Table1[[#This Row],[Monthly]]*0.75),Table1[[#This Row],[SubType]]="12-Month",IF(Table1[[#This Row],[MonthsPaid]]<=12,Table1[[#This Row],[Monthly]]*(2/3)*0.9,Table1[[#This Row],[Monthly]]*(2/3)))} -> 10.8 | L48: {=ROUND(_xlfn.IFS(Table1[[#This Row],[SubType]]="Monthly",(MAX(MIN(Table1[[#This Row],[MonthsPaid]],12)-1,0)*Table1[[#This Row],[Monthly]]*0.9)+(MAX(Table1[[#This Row],[MonthsPaid]]-12,0)*Table1[[#This Row],[Monthly]]),Table1[[#This Row],[SubType]]="6-Month",(MIN(Table1[[#This Row],[MonthsPaid]],12)*Table1[[#This Row],[Monthly]]*0.75*0.9)+(MAX(Table1[[#This Row],[MonthsPaid]]-12,0)*Table1[[#This Row],[Monthly]]*0.75),Table1[[#This Row],[SubType]]="12-Month",(MIN(Table1[[#This Row],[MonthsPaid]],12)*Table1[[#This Row],[Monthly]]*(2/3)*0.9)+(MAX(Table1[[#This Row],[MonthsPaid]]-12,0)*Table1[[#This Row],[Monthly]]*(2/3))),2)} -> 129.6 | M48: {=_xlfn.IFS(Table1[[#This Row],[Age]]>70,"Elderly",Table1[[#This Row],[Age]]>59,"Senior",Table1[[#This Row],[Age]]>49,"Mature Adult",Table1[[#This Row],[Age]]>25,"Adult",Table1[[#This Row],[Age]]>=18,"Young Adult")} -> Mature Adult | N48: England | O48: Social Media | P48: No Longer Needed | Q48: {=_xlfn.IFS(Table1[[#This Row],[TotalRevenue]]<100,"Low",Table1[[#This Row],[TotalRevenue]]<300,"Medium",Table1[[#This Row],[TotalRevenue]]<600,"High",TRUE,"Very High")} -> Medium | R48: {=_xlfn.IFS(Table1[[#This Row],[Age]]>69,"Elderly",Table1[[#This Row],[Age]]>59,"Mature Adult",Table1[[#This Row],[Age]]>25,"Adult",Table1[[#This Row],[Age]]>18,"Young Adult",Table1[[#This Row],[Age]]>=12,"Teenager")} -> Adult | S48: =IF(Table1[[#This Row],[NextBillingDate]]="","Cancelled",IF(Table1[[#This Row],[CancellationDate]]<>"","Cancelled","Active")) -> Cancelled | T48: {=IF(Table1[[#This Row],[ChurnStatus]]="Cancelled",Table1[[#This Row],[TotalRevenue]],Table1[[#This Row],[TotalRevenue]] + Table1[[#This Row],[Discounted]] * _xlfn.IFS(Table1[[#This Row],[SubType]]="Monthly",1,Table1[[#This Row],[SubType]]="6-Month",6-MOD(Table1[[#This Row],[MonthsPaid]],6),Table1[[#This Row],[SubType]]="12-Month",12-MOD(Table1[[#This Row],[MonthsPaid]],12)))} -> 129.6 | U48: 44975 | W48: 44975 | X48: 0 | Y48: =IF(Table1[[#This Row],[ChurnStatus]]="Cancelled",Table1[[#This Row],[CancellationDate]],TODAY()) -> 44975 | Z48: =IF(AND(Table1[[#This Row],[SubscriptionStart]] <= TODAY(), Table1[[#This Row],[EffectiveEndDate]] >= TODAY()),1,0) -> 0 | AA48: =IF(AND(Table1[[#This Row],[SubscriptionStart]]<=Settings!$A$2,Table1[[#This Row],[EffectiveEndDate]]>=Settings!$A$2),1,0) -> 0 | AB48: =IF(AND(Table1[[#This Row],[SubscriptionStart]]<=Settings!$B$2,Table1[[#This Row],[EffectiveEndDate]]>=Settings!$B$2),1,0) -> 1 | AC48: =IF(AND(Table1[[#This Row],[SubscriptionStart]]<=Settings!$C$2,Table1[[#This Row],[EffectiveEndDate]]>=Settings!$C$2),1,0) -> 1 | AD48: =IF(AND(Table1[[#This Row],[SubscriptionStart]]<=Settings!$D$2,Table1[[#This Row],[EffectiveEndDate]]>=Settings!$D$2),1,0) -> 0 | AE48: =IF(AND(Table1[[#This Row],[SubscriptionStart]]<=Settings!$E$2,Table1[[#This Row],[EffectiveEndDate]]>=Settings!$E$2),1,0) -> 0
A49: CUST0259 | B49: 38 | C49: Male | D49: 44616 | E49: 44976 | F49: =TODAY() - Table1[[#This Row],[SubscriptionStart]] -> 1365 | G49: 12 | H49: 12-Month | I49: Standard | J49: {=_xlfn.IFS(Table1[[#This Row],[Tier]]="Basic",10,Table1[[#This Row],[Tier]]="Standard",18,Table1[[#This Row],[Tier]]="Premium",25)} -> 18 | K49: {=_xlfn.IFS(Table1[[#This Row],[SubType]]="Monthly",IF(Table1[[#This Row],[MonthsPaid]]<=12,Table1[[#This Row],[Monthly]]*0.9,Table1[[#This Row],[Monthly]]),Table1[[#This Row],[SubType]]="6-Month",IF(Table1[[#This Row],[MonthsPaid]]<=12,Table1[[#This Row],[Monthly]]*0.75*0.9,Table1[[#This Row],[Monthly]]*0.75),Table1[[#This Row],[SubType]]="12-Month",IF(Table1[[#This Row],[MonthsPaid]]<=12,Table1[[#This Row],[Monthly]]*(2/3)*0.9,Table1[[#This Row],[Monthly]]*(2/3)))} -> 10.8 | L49: {=ROUND(_xlfn.IFS(Table1[[#This Row],[SubType]]="Monthly",(MAX(MIN(Table1[[#This Row],[MonthsPaid]],12)-1,0)*Table1[[#This Row],[Monthly]]*0.9)+(MAX(Table1[[#This Row],[MonthsPaid]]-12,0)*Table1[[#This Row],[Monthly]]),Table1[[#This Row],[SubType]]="6-Month",(MIN(Table1[[#This Row],[MonthsPaid]],12)*Table1[[#This Row],[Monthly]]*0.75*0.9)+(MAX(Table1[[#This Row],[MonthsPaid]]-12,0)*Table1[[#This Row],[Monthly]]*0.75),Table1[[#This Row],[SubType]]="12-Month",(MIN(Table1[[#This Row],[MonthsPaid]],12)*Table1[[#This Row],[Monthly]]*(2/3)*0.9)+(MAX(Table1[[#This Row],[MonthsPaid]]-12,0)*Table1[[#This Row],[Monthly]]*(2/3))),2)} -> 129.6 | M49: {=_xlfn.IFS(Table1[[#This Row],[Age]]>70,"Elderly",Table1[[#This Row],[Age]]>59,"Senior",Table1[[#This Row],[Age]]>49,"Mature Adult",Table1[[#This Row],[Age]]>25,"Adult",Table1[[#This Row],[Age]]>=18,"Young Adult")} -> Adult | N49: Scotland | O49: Friend | P49: Switched Service | Q49: {=_xlfn.IFS(Table1[[#This Row],[TotalRevenue]]<100,"Low",Table1[[#This Row],[TotalRevenue]]<300,"Medium",Table1[[#This Row],[TotalRevenue]]<600,"High",TRUE,"Very High")} -> Medium | R49: {=_xlfn.IFS(Table1[[#This Row],[Age]]>69,"Elderly",Table1[[#This Row],[Age]]>59,"Mature Adult",Table1[[#This Row],[Age]]>25,"Adult",Table1[[#This Row],[Age]]>18,"Young Adult",Table1[[#This Row],[Age]]>=12,"Teenager")} -> Adult | S49: =IF(Table1[[#This Row],[NextBillingDate]]="","Cancelled",IF(Table1[[#This Row],[CancellationDate]]<>"","Cancelled","Active")) -> Cancelled | T49: {=IF(Table1[[#This Row],[ChurnStatus]]="Cancelled",Table1[[#This Row],[TotalRevenue]],Table1[[#This Row],[TotalRevenue]] + Table1[[#This Row],[Discounted]] * _xlfn.IFS(Table1[[#This Row],[SubType]]="Monthly",1,Table1[[#This Row],[SubType]]="6-Month",6-MOD(Table1[[#This Row],[MonthsPaid]],6),Table1[[#This Row],[SubType]]="12-Month",12-MOD(Table1[[#This Row],[MonthsPaid]],12)))} -> 129.6 | U49: 44976 | W49: 44976 | X49: 0 | Y49: =IF(Table1[[#This Row],[ChurnStatus]]="Cancelled",Table1[[#This Row],[CancellationDate]],TODAY()) -> 44976 | Z49: =IF(AND(Table1[[#This Row],[SubscriptionStart]] <= TODAY(), Table1[[#This Row],[EffectiveEndDate]] >= TODAY()),1,0) -> 0 | AA49: =IF(AND(Table1[[#This Row],[SubscriptionStart]]<=Settings!$A$2,Table1[[#This Row],[EffectiveEndDate]]>=Settings!$A$2),1,0) -> 0 | AB49: =IF(AND(Table1[[#This Row],[SubscriptionStart]]<=Settings!$B$2,Table1[[#This Row],[EffectiveEndDate]]>=Settings!$B$2),1,0) -> 1 | AC49: =IF(AND(Table1[[#This Row],[SubscriptionStart]]<=Settings!$C$2,Table1[[#This Row],[EffectiveEndDate]]>=Settings!$C$2),1,0) -> 1 | AD49: =IF(AND(Table1[[#This Row],[SubscriptionStart]]<=Settings!$D$2,Table1[[#This Row],[EffectiveEndDate]]>=Settings!$D$2),1,0) -> 0 | AE49: =IF(AND(Table1[[#This Row],[SubscriptionStart]]<=Settings!$E$2,Table1[[#This Row],[EffectiveEndDate]]>=Settings!$E$2),1,0) -> 0
A50: CUST0415 | B50: 42 | C50: Male | D50: 44616 | E50: 44976 | F50: =TODAY() - Table1[[#This Row],[SubscriptionStart]] -> 1365 | G50: 12 | H50: 12-Month | I50: Premium | J50: {=_xlfn.IFS(Table1[[#This Row],[Tier]]="Basic",10,Table1[[#This Row],[Tier]]="Standard",18,Table1[[#This Row],[Tier]]="Premium",25)} -> 25 | K50: {=_xlfn.IFS(Table1[[#This Row],[SubType]]="Monthly",IF(Table1[[#This Row],[MonthsPaid]]<=12,Table1[[#This Row],[Monthly]]*0.9,Table1[[#This Row],[Monthly]]),Table1[[#This Row],[SubType]]="6-Month",IF(Table1[[#This Row],[MonthsPaid]]<=12,Table1[[#This Row],[Monthly]]*0.75*0.9,Table1[[#This Row],[Monthly]]*0.75),Table1[[#This Row],[SubType]]="12-Month",IF(Table1[[#This Row],[MonthsPaid]]<=12,Table1[[#This Row],[Monthly]]*(2/3)*0.9,Table1[[#This Row],[Monthly]]*(2/3)))} -> 15 | L50: {=ROUND(_xlfn.IFS(Table1[[#This Row],[SubType]]="Monthly",(MAX(MIN(Table1[[#This Row],[MonthsPaid]],12)-1,0)*Table1[[#This Row],[Monthly]]*0.9)+(MAX(Table1[[#This Row],[MonthsPaid]]-12,0)*Table1[[#This Row],[Monthly]]),Table1[[#This Row],[SubType]]="6-Month",(MIN(Table1[[#This Row],[MonthsPaid]],12)*Table1[[#This Row],[Monthly]]*0.75*0.9)+(MAX(Table1[[#This Row],[MonthsPaid]]-12,0)*Table1[[#This Row],[Monthly]]*0.75),Table1[[#This Row],[SubType]]="12-Month",(MIN(Table1[[#This Row],[MonthsPaid]],12)*Table1[[#This Row],[Monthly]]*(2/3)*0.9)+(MAX(Table1[[#This Row],[MonthsPaid]]-12,0)*Table1[[#This Row],[Monthly]]*(2/3))),2)} -> 180 | M50: {=_xlfn.IFS(Table1[[#This Row],[Age]]>70,"Elderly",Table1[[#This Row],[Age]]>59,"Senior",Table1[[#This Row],[Age]]>49,"Mature Adult",Table1[[#This Row],[Age]]>25,"Adult",Table1[[#This Row],[Age]]>=18,"Young Adult")} -> Adult | N50: Wales | O50: Friend | P50: Switched Service | Q50: {=_xlfn.IFS(Table1[[#This Row],[TotalRevenue]]<100,"Low",Table1[[#This Row],[TotalRevenue]]<300,"Medium",Table1[[#This Row],[TotalRevenue]]<600,"High",TRUE,"Very High")} -> Medium | R50: {=_xlfn.IFS(Table1[[#This Row],[Age]]>69,"Elderly",Table1[[#This Row],[Age]]>59,"Mature Adult",Table1[[#This Row],[Age]]>25,"Adult",Table1[[#This Row],[Age]]>18,"Young Adult",Table1[[#This Row],[Age]]>=12,"Teenager")} -> Adult | S50: =IF(Table1[[#This Row],[NextBillingDate]]="","Cancelled",IF(Table1[[#This Row],[CancellationDate]]<>"","Cancelled","Active")) -> Cancelled | T50: {=IF(Table1[[#This Row],[ChurnStatus]]="Cancelled",Table1[[#This Row],[TotalRevenue]],Table1[[#This Row],[TotalRevenue]] + Table1[[#This Row],[Discounted]] * _xlfn.IFS(Table1[[#This Row],[SubType]]="Monthly",1,Table1[[#This Row],[SubType]]="6-Month",6-MOD(Table1[[#This Row],[MonthsPaid]],6),Table1[[#This Row],[SubType]]="12-Month",12-MOD(Table1[[#This Row],[MonthsPaid]],12)))} -> 180 | U50: 44976 | W50: 44976 | X50: 0 | Y50: =IF(Table1[[#This Row],[ChurnStatus]]="Cancelled",Table1[[#This Row],[CancellationDate]],TODAY()) -> 44976 | Z50: =IF(AND(Table1[[#This Row],[SubscriptionStart]] <= TODAY(), Table1[[#This Row],[EffectiveEndDate]] >= TODAY()),1,0) -> 0 | AA50: =IF(AND(Table1[[#This Row],[SubscriptionStart]]<=Settings!$A$2,Table1[[#This Row],[EffectiveEndDate]]>=Settings!$A$2),1,0) -> 0 | AB50: =IF(AND(Table1[[#This Row],[SubscriptionStart]]<=Settings!$B$2,Table1[[#This Row],[EffectiveEndDate]]>=Settings!$B$2),1,0) -> 1 | AC50: =IF(AND(Table1[[#This Row],[SubscriptionStart]]<=Settings!$C$2,Table1[[#This Row],[EffectiveEndDate]]>=Settings!$C$2),1,0) -> 1 | AD50: =IF(AND(Table1[[#This Row],[SubscriptionStart]]<=Settings!$D$2,Table1[[#This Row],[EffectiveEndDate]]>=Settings!$D$2),1,0) -> 0 | AE50: =IF(AND(Table1[[#This Row],[SubscriptionStart]]<=Settings!$E$2,Table1[[#This Row],[EffectiveEndDate]]>=Settings!$E$2),1,0) -> 0
A51: CUST0609 | B51: 40 | C51: Male | D51: 44617 | E51: 44977 | F51: =TODAY() - Table1[[#This Row],[SubscriptionStart]] -> 1364 | G51: 12 | H51: 12-Month | I51: Premium | J51: {=_xlfn.IFS(Table1[[#This Row],[Tier]]="Basic",10,Table1[[#This Row],[Tier]]="Standard",18,Table1[[#This Row],[Tier]]="Premium",25)} -> 25 | K51: {=_xlfn.IFS(Table1[[#This Row],[SubType]]="Monthly",IF(Table1[[#This Row],[MonthsPaid]]<=12,Table1[[#This Row],[Monthly]]*0.9,Table1[[#This Row],[Monthly]]),Table1[[#This Row],[SubType]]="6-Month",IF(Table1[[#This Row],[MonthsPaid]]<=12,Table1[[#This Row],[Monthly]]*0.75*0.9,Table1[[#This Row],[Monthly]]*0.75),Table1[[#This Row],[SubType]]="12-Month",IF(Table1[[#This Row],[MonthsPaid]]<=12,Table1[[#This Row],[Monthly]]*(2/3)*0.9,Table1[[#This Row],[Monthly]]*(2/3)))} -> 15 | L51: {=ROUND(_xlfn.IFS(Table1[[#This Row],[SubType]]="Monthly",(MAX(MIN(Table1[[#This Row],[MonthsPaid]],12)-1,0)*Table1[[#This Row],[Monthly]]*0.9)+(MAX(Table1[[#This Row],[MonthsPaid]]-12,0)*Table1[[#This Row],[Monthly]]),Table1[[#This Row],[SubType]]="6-Month",(MIN(Table1[[#This Row],[MonthsPaid]],12)*Table1[[#This Row],[Monthly]]*0.75*0.9)+(MAX(Table1[[#This Row],[MonthsPaid]]-12,0)*Table1[[#This Row],[Monthly]]*0.75),Table1[[#This Row],[SubType]]="12-Month",(MIN(Table1[[#This Row],[MonthsPaid]],12)*Table1[[#This Row],[Monthly]]*(2/3)*0.9)+(MAX(Table1[[#This Row],[MonthsPaid]]-12,0)*Table1[[#This Row],[Monthly]]*(2/3))),2)} -> 180 | M51: {=_xlfn.IFS(Table1[[#This Row],[Age]]>70,"Elderly",Table1[[#This Row],[Age]]>59,"Senior",Table1[[#This Row],[Age]]>49,"Mature Adult",Table1[[#This Row],[Age]]>25,"Adult",Table1[[#This Row],[Age]]>=18,"Young Adult")} -> Adult | N51: Northern Ireland | O51: Social Media | P51: Too Expensive | Q51: {=_xlfn.IFS(Table1[[#This Row],[TotalRevenue]]<100,"Low",Table1[[#This Row],[TotalRevenue]]<300,"Medium",Table1[[#This Row],[TotalRevenue]]<600,"High",TRUE,"Very High")} -> Medium | R51: {=_xlfn.IFS(Table1[[#This Row],[Age]]>69,"Elderly",Table1[[#This Row],[Age]]>59,"Mature Adult",Table1[[#This Row],[Age]]>25,"Adult",Table1[[#This Row],[Age]]>18,"Young Adult",Table1[[#This Row],[Age]]>=12,"Teenager")} -> Adult | S51: =IF(Table1[[#This Row],[NextBillingDate]]="","Cancelled",IF(Table1[[#This Row],[CancellationDate]]<>"","Cancelled","Active")) -> Cancelled | T51: {=IF(Table1[[#This Row],[ChurnStatus]]="Cancelled",Table1[[#This Row],[TotalRevenue]],Table1[[#This Row],[TotalRevenue]] + Table1[[#This Row],[Discounted]] * _xlfn.IFS(Table1[[#This Row],[SubType]]="Monthly",1,Table1[[#This Row],[SubType]]="6-Month",6-MOD(Table1[[#This Row],[MonthsPaid]],6),Table1[[#This Row],[SubType]]="12-Month",12-MOD(Table1[[#This Row],[MonthsPaid]],12)))} -> 180 | U51: 44977 | W51: 44977 | X51: 0 | Y51: =IF(Table1[[#This Row],[ChurnStatus]]="Cancelled",Table1[[#This Row],[CancellationDate]],TODAY()) -> 44977 | Z51: =IF(AND(Table1[[#This Row],[SubscriptionStart]] <= TODAY(), Table1[[#This Row],[EffectiveEndDate]] >= TODAY()),1,0) -> 0 | AA51: =IF(AND(Table1[[#This Row],[SubscriptionStart]]<=Settings!$A$2,Table1[[#This Row],[EffectiveEndDate]]>=Settings!$A$2),1,0) -> 0 | AB51: =IF(AND(Table1[[#This Row],[SubscriptionStart]]<=Settings!$B$2,Table1[[#This Row],[EffectiveEndDate]]>=Settings!$B$2),1,0) -> 1 | AC51: =IF(AND(Table1[[#This Row],[SubscriptionStart]]<=Settings!$C$2,Table1[[#This Row],[EffectiveEndDate]]>=Settings!$C$2),1,0) -> 1 | AD51: =IF(AND(Table1[[#This Row],[SubscriptionStart]]<=Settings!$D$2,Table1[[#This Row],[EffectiveEndDate]]>=Settings!$D$2),1,0) -> 0 | AE51: =IF(AND(Table1[[#This Row],[SubscriptionStart]]<=Settings!$E$2,Table1[[#This Row],[EffectiveEndDate]]>=Settings!$E$2),1,0) -> 0
A52: CUST0736 | B52: 21 | C52: Male | D52: 44617 | E52: 44977 | F52: =TODAY() - Table1[[#This Row],[SubscriptionStart]] -> 1364 | G52: 12 | H52: 12-Month | I52: Standard | J52: {=_xlfn.IFS(Table1[[#This Row],[Tier]]="Basic",10,Table1[[#This Row],[Tier]]="Standard",18,Table1[[#This Row],[Tier]]="Premium",25)} -> 18 | K52: {=_xlfn.IFS(Table1[[#This Row],[SubType]]="Monthly",IF(Table1[[#This Row],[MonthsPaid]]<=12,Table1[[#This Row],[Monthly]]*0.9,Table1[[#This Row],[Monthly]]),Table1[[#This Row],[SubType]]="6-Month",IF(Table1[[#This Row],[MonthsPaid]]<=12,Table1[[#This Row],[Monthly]]*0.75*0.9,Table1[[#This Row],[Monthly]]*0.75),Table1[[#This Row],[SubType]]="12-Month",IF(Table1[[#This Row],[MonthsPaid]]<=12,Table1[[#This Row],[Monthly]]*(2/3)*0.9,Table1[[#This Row],[Monthly]]*(2/3)))} -> 10.8 | L52: {=ROUND(_xlfn.IFS(Table1[[#This Row],[SubType]]="Monthly",(MAX(MIN(Table1[[#This Row],[MonthsPaid]],12)-1,0)*Table1[[#This Row],[Monthly]]*0.9)+(MAX(Table1[[#This Row],[MonthsPaid]]-12,0)*Table1[[#This Row],[Monthly]]),Table1[[#This Row],[SubType]]="6-Month",(MIN(Table1[[#This Row],[MonthsPaid]],12)*Table1[[#This Row],[Monthly]]*0.75*0.9)+(MAX(Table1[[#This Row],[MonthsPaid]]-12,0)*Table1[[#This Row],[Monthly]]*0.75),Table1[[#This Row],[SubType]]="12-Month",(MIN(Table1[[#This Row],[MonthsPaid]],12)*Table1[[#This Row],[Monthly]]*(2/3)*0.9)+(MAX(Table1[[#This Row],[MonthsPaid]]-12,0)*Table1[[#This Row],[Monthly]]*(2/3))),2)} -> 129.6 | M52: {=_xlfn.IFS(Table1[[#This Row],[Age]]>70,"Elderly",Table1[[#This Row],[Age]]>59,"Senior",Table1[[#This Row],[Age]]>49,"Mature Adult",Table1[[#This Row],[Age]]>25,"Adult",Table1[[#This Row],[Age]]>=18,"Young Adult")} -> Young Adult | N52: England | O52: None | P52: Too Expensive | Q52: {=_xlfn.IFS(Table1[[#This Row],[TotalRevenue]]<100,"Low",Table1[[#This Row],[TotalRevenue]]<300,"Medium",Table1[[#This Row],[TotalRevenue]]<600,"High",TRUE,"Very High")} -> Medium | R52: {=_xlfn.IFS(Table1[[#This Row],[Age]]>69,"Elderly",Table1[[#This Row],[Age]]>59,"Mature Adult",Table1[[#This Row],[Age]]>25,"Adult",Table1[[#This Row],[Age]]>18,"Young Adult",Table1[[#This Row],[Age]]>=12,"Teenager")} -> Young Adult | S52: =IF(Table1[[#This Row],[NextBillingDate]]="","Cancelled",IF(Table1[[#This Row],[CancellationDate]]<>"","Cancelled","Active")) -> Cancelled | T52: {=IF(Table1[[#This Row],[ChurnStatus]]="Cancelled",Table1[[#This Row],[TotalRevenue]],Table1[[#This Row],[TotalRevenue]] + Table1[[#This Row],[Discounted]] * _xlfn.IFS(Table1[[#This Row],[SubType]]="Monthly",1,Table1[[#This Row],[SubType]]="6-Month",6-MOD(Table1[[#This Row],[MonthsPaid]],6),Table1[[#This Row],[SubType]]="12-Month",12-MOD(Table1[[#This Row],[MonthsPaid]],12)))} -> 129.6 | U52: 44977 | W52: 44977 | X52: 0 | Y52: =IF(Table1[[#This Row],[ChurnStatus]]="Cancelled",Table1[[#This Row],[CancellationDate]],TODAY()) -> 44977 | Z52: =IF(AND(Table1[[#This Row],[SubscriptionStart]] <= TODAY(), Table1[[#This Row],[EffectiveEndDate]] >= TODAY()),1,0) -> 0 | AA52: =IF(AND(Table1[[#This Row],[SubscriptionStart]]<=Settings!$A$2,Table1[[#This Row],[EffectiveEndDate]]>=Settings!$A$2),1,0) -> 0 | AB52: =IF(AND(Table1[[#This Row],[SubscriptionStart]]<=Settings!$B$2,Table1[[#This Row],[EffectiveEndDate]]>=Settings!$B$2),1,0) -> 1 | AC52: =IF(AND(Table1[[#This Row],[SubscriptionStart]]<=Settings!$C$2,Table1[[#This Row],[EffectiveEndDate]]>=Settings!$C$2),1,0) -> 1 | AD52: =IF(AND(Table1[[#This Row],[SubscriptionStart]]<=Settings!$D$2,Table1[[#This Row],[EffectiveEndDate]]>=Settings!$D$2),1,0) -> 0 | AE52: =IF(AND(Table1[[#This Row],[SubscriptionStart]]<=Settings!$E$2,Table1[[#This Row],[EffectiveEndDate]]>=Settings!$E$2),1,0) -> 0
A53: CUST0634 | B53: 31 | C53: Female | D53: 44618 | E53: 44648 | F53: =TODAY() - Table1[[#This Row],[SubscriptionStart]] -> 1363 | G53: 1 | H53: Monthly | I53: Premium | J53: {=_xlfn.IFS(Table1[[#This Row],[Tier]]="Basic",10,Table1[[#This Row],[Tier]]="Standard",18,Table1[[#This Row],[Tier]]="Premium",25)} -> 25 | K53: {=_xlfn.IFS(Table1[[#This Row],[SubType]]="Monthly",IF(Table1[[#This Row],[MonthsPaid]]<=12,Table1[[#This Row],[Monthly]]*0.9,Table1[[#This Row],[Monthly]]),Table1[[#This Row],[SubType]]="6-Month",IF(Table1[[#This Row],[MonthsPaid]]<=12,Table1[[#This Row],[Monthly]]*0.75*0.9,Table1[[#This Row],[Monthly]]*0.75),Table1[[#This Row],[SubType]]="12-Month",IF(Table1[[#This Row],[MonthsPaid]]<=12,Table1[[#This Row],[Monthly]]*(2/3)*0.9,Table1[[#This Row],[Monthly]]*(2/3)))} -> 22.5 | L53: {=ROUND(_xlfn.IFS(Table1[[#This Row],[SubType]]="Monthly",(MAX(MIN(Table1[[#This Row],[MonthsPaid]],12)-1,0)*Table1[[#This Row],[Monthly]]*0.9)+(MAX(Table1[[#This Row],[MonthsPaid]]-12,0)*Table1[[#This Row],[Monthly]]),Table1[[#This Row],[SubType]]="6-Month",(MIN(Table1[[#This Row],[MonthsPaid]],12)*Table1[[#This Row],[Monthly]]*0.75*0.9)+(MAX(Table1[[#This Row],[MonthsPaid]]-12,0)*Table1[[#This Row],[Monthly]]*0.75),Table1[[#This Row],[SubType]]="12-Month",(MIN(Table1[[#This Row],[MonthsPaid]],12)*Table1[[#This Row],[Monthly]]*(2/3)*0.9)+(MAX(Table1[[#This Row],[MonthsPaid]]-12,0)*Table1[[#This Row],[Monthly]]*(2/3))),2)} -> 0 | M53: {=_xlfn.IFS(Table1[[#This Row],[Age]]>70,"Elderly",Table1[[#This Row],[Age]]>59,"Senior",Table1[[#This Row],[Age]]>49,"Mature Adult",Table1[[#This Row],[Age]]>25,"Adult",Table1[[#This Row],[Age]]>=18,"Young Adult")} -> Adult | N53: Scotland | O53: Email Campaign | P53: No Longer Needed | Q53: {=_xlfn.IFS(Table1[[#This Row],[TotalRevenue]]<100,"Low",Table1[[#This Row],[TotalRevenue]]<300,"Medium",Table1[[#This Row],[TotalRevenue]]<600,"High",TRUE,"Very High")} -> Low | R53: {=_xlfn.IFS(Table1[[#This Row],[Age]]>69,"Elderly",Table1[[#This Row],[Age]]>59,"Mature Adult",Table1[[#This Row],[Age]]>25,"Adult",Table1[[#This Row],[Age]]>18,"Young Adult",Table1[[#This Row],[Age]]>=12,"Teenager")} -> Adult | S53: =IF(Table1[[#This Row],[NextBillingDate]]="","Cancelled",IF(Table1[[#This Row],[CancellationDate]]<>"","Cancelled","Active")) -> Cancelled | T53: {=IF(Table1[[#This Row],[ChurnStatus]]="Cancelled",Table1[[#This Row],[TotalRevenue]],Table1[[#This Row],[TotalRevenue]] + Table1[[#This Row],[Discounted]] * _xlfn.IFS(Table1[[#This Row],[SubType]]="Monthly",1,Table1[[#This Row],[SubType]]="6-Month",6-MOD(Table1[[#This Row],[MonthsPaid]],6),Table1[[#This Row],[SubType]]="12-Month",12-MOD(Table1[[#This Row],[MonthsPaid]],12)))} -> 0 | U53: 44648 | W53: 44648 | X53: 0 | Y53: =IF(Table1[[#This Row],[ChurnStatus]]="Cancelled",Table1[[#This Row],[CancellationDate]],TODAY()) -> 44648 | Z53: =IF(AND(Table1[[#This Row],[SubscriptionStart]] <= TODAY(), Table1[[#This Row],[EffectiveEndDate]] >= TODAY()),1,0) -> 0 | AA53: =IF(AND(Table1[[#This Row],[SubscriptionStart]]<=Settings!$A$2,Table1[[#This Row],[EffectiveEndDate]]>=Settings!$A$2),1,0) -> 0 | AB53: =IF(AND(Table1[[#This Row],[SubscriptionStart]]<=Settings!$B$2,Table1[[#This Row],[EffectiveEndDate]]>=Settings!$B$2),1,0) -> 0 | AC53: =IF(AND(Table1[[#This Row],[SubscriptionStart]]<=Settings!$C$2,Table1[[#This Row],[EffectiveEndDate]]>=Settings!$C$2),1,0) -> 0 | AD53: =IF(AND(Table1[[#This Row],[SubscriptionStart]]<=Settings!$D$2,Table1[[#This Row],[EffectiveEndDate]]>=Settings!$D$2),1,0) -> 0 | AE53: =IF(AND(Table1[[#This Row],[SubscriptionStart]]<=Settings!$E$2,Table1[[#This Row],[EffectiveEndDate]]>=Settings!$E$2),1,0) -> 0
A54: CUST0058 | B54: 38 | C54: Male | D54: 44619 | E54: 44649 | F54: =TODAY() - Table1[[#This Row],[SubscriptionStart]] -> 1362 | G54: 1 | H54: Monthly | I54: Basic | J54: {=_xlfn.IFS(Table1[[#This Row],[Tier]]="Basic",10,Table1[[#This Row],[Tier]]="Standard",18,Table1[[#This Row],[Tier]]="Premium",25)} -> 10 | K54: {=_xlfn.IFS(Table1[[#This Row],[SubType]]="Monthly",IF(Table1[[#This Row],[MonthsPaid]]<=12,Table1[[#This Row],[Monthly]]*0.9,Table1[[#This Row],[Monthly]]),Table1[[#This Row],[SubType]]="6-Month",IF(Table1[[#This Row],[MonthsPaid]]<=12,Table1[[#This Row],[Monthly]]*0.75*0.9,Table1[[#This Row],[Monthly]]*0.75),Table1[[#This Row],[SubType]]="12-Month",IF(Table1[[#This Row],[MonthsPaid]]<=12,Table1[[#This Row],[Monthly]]*(2/3)*0.9,Table1[[#This Row],[Monthly]]*(2/3)))} -> 9 | L54: {=ROUND(_xlfn.IFS(Table1[[#This Row],[SubType]]="Monthly",(MAX(MIN(Table1[[#This Row],[MonthsPaid]],12)-1,0)*Table1[[#This Row],[Monthly]]*0.9)+(MAX(Table1[[#This Row],[MonthsPaid]]-12,0)*Table1[[#This Row],[Monthly]]),Table1[[#This Row],[SubType]]="6-Month",(MIN(Table1[[#This Row],[MonthsPaid]],12)*Table1[[#This Row],[Monthly]]*0.75*0.9)+(MAX(Table1[[#This Row],[MonthsPaid]]-12,0)*Table1[[#This Row],[Monthly]]*0.75),Table1[[#This Row],[SubType]]="12-Month",(MIN(Table1[[#This Row],[MonthsPaid]],12)*Table1[[#This Row],[Monthly]]*(2/3)*0.9)+(MAX(Table1[[#This Row],[MonthsPaid]]-12,0)*Table1[[#This Row],[Monthly]]*(2/3))),2)} -> 0 | M54: {=_xlfn.IFS(Table1[[#This Row],[Age]]>70,"Elderly",Table1[[#This Row],[Age]]>59,"Senior",Table1[[#This Row],[Age]]>49,"Mature Adult",Table1[[#This Row],[Age]]>25,"Adult",Table1[[#This Row],[Age]]>=18,"Young Adult")} -> Adult | N54: Northern Ireland | O54: Friend | P54: No Longer Needed | Q54: {=_xlfn.IFS(Table1[[#This Row],[TotalRevenue]]<100,"Low",Table1[[#This Row],[TotalRevenue]]<300,"Medium",Table1[[#This Row],[TotalRevenue]]<600,"High",TRUE,"Very High")} -> Low | R54: {=_xlfn.IFS(Table1[[#This Row],[Age]]>69,"Elderly",Table1[[#This Row],[Age]]>59,"Mature Adult",Table1[[#This Row],[Age]]>25,"Adult",Table1[[#This Row],[Age]]>18,"Young Adult",Table1[[#This Row],[Age]]>=12,"Teenager")} -> Adult | S54: =IF(Table1[[#This Row],[NextBillingDate]]="","Cancelled",IF(Table1[[#This Row],[CancellationDate]]<>"","Cancelled","Active")) -> Cancelled | T54: {=IF(Table1[[#This Row],[ChurnStatus]]="Cancelled",Table1[[#This Row],[TotalRevenue]],Table1[[#This Row],[TotalRevenue]] + Table1[[#This Row],[Discounted]] * _xlfn.IFS(Table1[[#This Row],[SubType]]="Monthly",1,Table1[[#This Row],[SubType]]="6-Month",6-MOD(Table1[[#This Row],[MonthsPaid]],6),Table1[[#This Row],[SubType]]="12-Month",12-MOD(Table1[[#This Row],[MonthsPaid]],12)))} -> 0 | U54: 44649 | W54: 44649 | X54: 0 | Y54: =IF(Table1[[#This Row],[ChurnStatus]]="Cancelled",Table1[[#This Row],[CancellationDate]],TODAY()) -> 44649 | Z54: =IF(AND(Table1[[#This Row],[SubscriptionStart]] <= TODAY(), Table1[[#This Row],[EffectiveEndDate]] >= TODAY()),1,0) -> 0 | AA54: =IF(AND(Table1[[#This Row],[SubscriptionStart]]<=Settings!$A$2,Table1[[#This Row],[EffectiveEndDate]]>=Settings!$A$2),1,0) -> 0 | AB54: =IF(AND(Table1[[#This Row],[SubscriptionStart]]<=Settings!$B$2,Table1[[#This Row],[EffectiveEndDate]]>=Settings!$B$2),1,0) -> 0 | AC54: =IF(AND(Table1[[#This Row],[SubscriptionStart]]<=Settings!$C$2,Table1[[#This Row],[EffectiveEndDate]]>=Settings!$C$2),1,0) -> 0 | AD54: =IF(AND(Table1[[#This Row],[SubscriptionStart]]<=Settings!$D$2,Table1[[#This Row],[EffectiveEndDate]]>=Settings!$D$2),1,0) -> 0 | AE54: =IF(AND(Table1[[#This Row],[SubscriptionStart]]<=Settings!$E$2,Table1[[#This Row],[EffectiveEndDate]]>=Settings!$E$2),1,0) -> 0
A55: CUST0097 | B55: 62 | C55: Male | D55: 44619 | F55: =TODAY() - Table1[[#This Row],[SubscriptionStart]] -> 1362 | G55: 48 | H55: 12-Month | I55: Premium | J55: {=_xlfn.IFS(Table1[[#This Row],[Tier]]="Basic",10,Table1[[#This Row],[Tier]]="Standard",18,Table1[[#This Row],[Tier]]="Premium",25)} -> 25 | K55: {=_xlfn.IFS(Table1[[#This Row],[SubType]]="Monthly",IF(Table1[[#This Row],[MonthsPaid]]<=12,Table1[[#This Row],[Monthly]]*0.9,Table1[[#This Row],[Monthly]]),Table1[[#This Row],[SubType]]="6-Month",IF(Table1[[#This Row],[MonthsPaid]]<=12,Table1[[#This Row],[Monthly]]*0.75*0.9,Table1[[#This Row],[Monthly]]*0.75),Table1[[#This Row],[SubType]]="12-Month",IF(Table1[[#This Row],[MonthsPaid]]<=12,Table1[[#This Row],[Monthly]]*(2/3)*0.9,Table1[[#This Row],[Monthly]]*(2/3)))} -> 16.666667 | L55: {=ROUND(_xlfn.IFS(Table1[[#This Row],[SubType]]="Monthly",(MAX(MIN(Table1[[#This Row],[MonthsPaid]],12)-1,0)*Table1[[#This Row],[Monthly]]*0.9)+(MAX(Table1[[#This Row],[MonthsPaid]]-12,0)*Table1[[#This Row],[Monthly]]),Table1[[#This Row],[SubType]]="6-Month",(MIN(Table1[[#This Row],[MonthsPaid]],12)*Table1[[#This Row],[Monthly]]*0.75*0.9)+(MAX(Table1[[#This Row],[MonthsPaid]]-12,0)*Table1[[#This Row],[Monthly]]*0.75),Table1[[#This Row],[SubType]]="12-Month",(MIN(Table1[[#This Row],[MonthsPaid]],12)*Table1[[#This Row],[Monthly]]*(2/3)*0.9)+(MAX(Table1[[#This Row],[MonthsPaid]]-12,0)*Table1[[#This Row],[Monthly]]*(2/3))),2)} -> 780 | M55: {=_xlfn.IFS(Table1[[#This Row],[Age]]>70,"Elderly",Table1[[#This Row],[Age]]>59,"Senior",Table1[[#This Row],[Age]]>49,"Mature Adult",Table1[[#This Row],[Age]]>25,"Adult",Table1[[#This Row],[Age]]>=18,"Young Adult")} -> Senior | N55: Wales | O55: Email Campaign | Q55: {=_xlfn.IFS(Table1[[#This Row],[TotalRevenue]]<100,"Low",Table1[[#This Row],[TotalRevenue]]<300,"Medium",Table1[[#This Row],[TotalRevenue]]<600,"High",TRUE,"Very High")} -> Very High | R55: {=_xlfn.IFS(Table1[[#This Row],[Age]]>69,"Elderly",Table1[[#This Row],[Age]]>59,"Mature Adult",Table1[[#This Row],[Age]]>25,"Adult",Table1[[#This Row],[Age]]>18,"Young Adult",Table1[[#This Row],[Age]]>=12,"Teenager")} -> Mature Adult | S55: =IF(Table1[[#This Row],[NextBillingDate]]="","Cancelled",IF(Table1[[#This Row],[CancellationDate]]<>"","Cancelled","Active")) -> Active | T55: {=IF(Table1[[#This Row],[ChurnStatus]]="Cancelled",Table1[[#This Row],[TotalRevenue]],Table1[[#This Row],[TotalRevenue]] + Table1[[#This Row],[Discounted]] * _xlfn.IFS(Table1[[#This Row],[SubType]]="Monthly",1,Table1[[#This Row],[SubType]]="6-Month",6-MOD(Table1[[#This Row],[MonthsPaid]],6),Table1[[#This Row],[SubType]]="12-Month",12-MOD(Table1[[#This Row],[MonthsPaid]],12)))} -> 980 | V55: 46059 | W55: 46059 | X55: 3 | Y55: =IF(Table1[[#This Row],[ChurnStatus]]="Cancelled",Table1[[#This Row],[CancellationDate]],TODAY()) -> 45981 | Z55: =IF(AND(Table1[[#This Row],[SubscriptionStart]] <= TODAY(), Table1[[#This Row],[EffectiveEndDate]] >= TODAY()),1,0) -> 1 | AA55: =IF(AND(Table1[[#This Row],[SubscriptionStart]]<=Settings!$A$2,Table1[[#This Row],[EffectiveEndDate]]>=Settings!$A$2),1,0) -> 0 | AB55: =IF(AND(Table1[[#This Row],[SubscriptionStart]]<=Settings!$B$2,Table1[[#This Row],[EffectiveEndDate]]>=Settings!$B$2),1,0) -> 1 | AC55: =IF(AND(Table1[[#This Row],[SubscriptionStart]]<=Settings!$C$2,Table1[[#This Row],[EffectiveEndDate]]>=Settings!$C$2),1,0) -> 1 | AD55: =IF(AND(Table1[[#This Row],[SubscriptionStart]]<=Settings!$D$2,Table1[[#This Row],[EffectiveEndDate]]>=Settings!$D$2),1,0) -> 1 | AE55: =IF(AND(Table1[[#This Row],[SubscriptionStart]]<=Settings!$E$2,Table1[[#This Row],[EffectiveEndDate]]>=Settings!$E$2),1,0) -> 1
